game_name,rating,num_reviews,discount_pct,price_eur,original_price_eur,release_date,windows,linux,macos,fetched_at,release_year,price_range,year_interval
PEAK,7.0,77683.0,-38.0,4.64,7.49,2025-06-16,1,0,0,2025-08-11 00:00,2025.0,0-30,2025+
Cyberpunk 2077,7.0,772574.0,-65.0,20.99,59.99,2020-12-09,1,0,1,2025-08-11 00:00,2020.0,50-60,2020–2024
Rust,7.0,1038433.0,-50.0,19.99,39.99,2018-02-08,1,0,1,2025-08-11 00:00,2018.0,30-40,2015–2019
Microsoft Flight Simulator (2020) 40th Anniversary Edition,5.0,63905.0,-60.0,27.99,69.99,2020-08-17,1,0,0,2025-08-11 00:00,2020.0,60+,2020–2024
Sid Meier's Civilization VII,4.0,34643.0,-30.0,48.99,69.99,2025-02-10,1,1,1,2025-08-11 00:00,2025.0,60+,2025+
Age of Wonders 4,7.0,13871.0,-40.0,29.99,49.99,2023-05-02,1,0,0,2025-08-11 00:00,2023.0,40-50,2020–2024
Abyssus,7.0,314.0,-15.0,21.24,24.99,2025-08-12,1,0,0,2025-08-11 00:00,2025.0,0-30,2025+
Sea of Thieves: 2025 Edition,7.0,309796.0,-50.0,19.99,39.99,2020-06-03,1,0,0,2025-08-11 00:00,2020.0,30-40,2020–2024
Hearts of Iron IV,7.0,242955.0,-70.0,14.99,49.99,2024-04-09,1,1,1,2025-08-11 00:00,2024.0,40-50,2020–2024
Tiny Bookshop,8.0,1035.0,-10.0,17.99,19.99,2025-08-07,1,1,1,2025-08-11 00:00,2025.0,0-30,2025+
Deadzone: Rogue,7.0,5713.0,-20.0,19.99,24.99,2025-08-11,1,0,0,2025-08-11 00:00,2025.0,0-30,2025+
The Elder Scrolls® Online,7.0,129106.0,-75.0,4.99,19.99,2017-05-22,1,0,1,2025-08-11 00:00,2017.0,0-30,2015–2019
Cyberpunk 2077: Phantom Liberty,7.0,19388.0,-30.0,20.99,29.99,2023-09-25,1,0,1,2025-08-11 00:00,2023.0,0-30,2020–2024
Fallout 76,5.0,67334.0,-75.0,9.99,39.99,2020-04-14,1,0,0,2025-08-11 00:00,2020.0,30-40,2020–2024
Stellaris,7.0,129484.0,-75.0,9.99,39.99,2016-05-09,1,1,1,2025-08-11 00:00,2016.0,30-40,2015–2019
"Warhammer 40,000: Rogue Trader",7.0,23751.0,-50.0,24.99,49.99,2023-12-07,1,0,1,2025-08-11 00:00,2023.0,40-50,2020–2024
Date Everything!,8.0,4086.0,-20.0,23.99,29.99,2025-06-17,1,0,0,2025-08-11 00:00,2025.0,0-30,2025+
Disney Dreamlight Valley,7.0,19088.0,-30.0,27.99,39.99,2023-12-05,1,0,0,2025-08-11 00:00,2023.0,30-40,2020–2024
The Witcher 3: Wild Hunt - Complete Edition,8.0,787763.0,-80.0,9.99,49.99,2016-08-30,1,0,0,2025-08-11 00:00,2016.0,40-50,2015–2019
Stardew Valley,8.0,784685.0,-30.0,9.79,13.99,2016-02-26,1,1,1,2025-08-11 00:00,2016.0,0-30,2015–2019
Street Fighter™ 6,7.0,37625.0,-25.0,29.99,39.99,2023-06-01,1,0,0,2025-08-11 00:00,2023.0,30-40,2020–2024
Victoria 3,5.0,35817.0,-70.0,14.99,49.99,2022-10-25,1,1,1,2025-08-11 00:00,2022.0,40-50,2020–2024
Resident Evil 4,8.0,125387.0,-50.0,19.99,39.99,2019-01-24,1,0,0,2025-08-11 00:00,2019.0,30-40,2015–2019
Phasmophobia,8.0,636310.0,-25.0,14.62,19.5,2020-09-18,1,0,0,2025-08-11 00:00,2020.0,0-30,2020–2024
Diablo® IV,5.0,39209.0,-55.0,22.49,49.99,2024-10-07,1,0,0,2025-08-11 00:00,2024.0,40-50,2020–2024
Parcel Simulator,7.0,1117.0,-20.0,13.99,17.49,2025-06-20,1,0,0,2025-08-11 00:00,2025.0,0-30,2025+
The Witcher 3: Wild Hunt,8.0,772465.0,-80.0,5.99,29.99,2015-05-18,1,0,0,2025-08-11 00:00,2015.0,0-30,2015–2019
Echoes of the End,4.0,101.0,-10.0,35.99,39.99,2025-08-12,1,0,0,2025-08-11 00:00,2025.0,30-40,2025+
Is This Seat Taken?,8.0,856.0,-10.0,8.77,9.75,2025-08-07,1,1,1,2025-08-11 00:00,2025.0,0-30,2025+
Resident Evil Village,8.0,85930.0,-75.0,9.99,39.99,2021-05-07,1,0,0,2025-08-11 00:00,2021.0,30-40,2020–2024
HITMAN World of Assassination,7.0,43059.0,-80.0,5.99,29.99,2022-01-20,1,0,0,2025-08-11 00:00,2022.0,0-30,2020–2024
The Scouring,7.0,100.0,-10.0,22.05,24.5,2025-08-12,1,0,0,2025-08-11 00:00,2025.0,0-30,2025+
Call of Duty®: Black Ops 6,4.0,12536.0,-45.0,43.99,79.99,2024-10-24,1,0,0,2025-08-11 00:00,2024.0,60+,2020–2024
NieR:Automata™,7.0,106210.0,-65.0,13.99,39.99,2017-03-17,1,0,0,2025-08-11 00:00,2017.0,30-40,2015–2019
PowerWash Simulator,8.0,46881.0,-50.0,12.49,24.99,2022-07-14,1,0,0,2025-08-11 00:00,2022.0,0-30,2020–2024
X4: Foundations,5.0,20474.0,-75.0,12.49,49.99,2018-11-30,1,1,0,2025-08-11 00:00,2018.0,40-50,2015–2019
Devil May Cry 5,8.0,103981.0,-75.0,7.49,29.99,2019-03-07,1,0,0,2025-08-11 00:00,2019.0,0-30,2015–2019
The Elder Scrolls V: Skyrim Special Edition,7.0,193924.0,-75.0,9.99,39.99,2016-10-27,1,0,0,2025-08-11 00:00,2016.0,30-40,2015–2019
Resident Evil 7 Biohazard,8.0,70036.0,-60.0,7.99,19.99,2017-01-23,1,0,0,2025-08-11 00:00,2017.0,0-30,2015–2019
DOOM: The Dark Ages,7.0,17845.0,-25.0,59.99,79.99,2025-05-14,1,0,0,2025-08-11 00:00,2025.0,60+,2025+
Devil May Cry HD Collection,7.0,13499.0,-67.0,9.89,29.99,2018-03-13,1,0,0,2025-08-11 00:00,2018.0,0-30,2015–2019
Dune: Spice Wars,5.0,10815.0,-60.0,13.99,34.99,2023-09-14,1,0,0,2025-08-11 00:00,2023.0,30-40,2020–2024
Call of Duty®: Black Ops III,7.0,143229.0,-67.0,19.79,59.99,2015-11-05,1,0,1,2025-08-11 00:00,2015.0,50-60,2015–2019
Monster Hunter: World,7.0,300742.0,-67.0,9.89,29.99,2018-08-09,1,0,0,2025-08-11 00:00,2018.0,0-30,2015–2019
The Elder Scrolls IV: Oblivion Remastered,5.0,50222.0,-20.0,43.99,54.99,2025-04-22,1,0,0,2025-08-11 00:00,2025.0,50-60,2025+
Disco Elysium - The Final Cut,7.0,104505.0,-75.0,9.99,39.99,2019-10-15,1,0,1,2025-08-11 00:00,2019.0,30-40,2015–2019
Pathfinder: Wrath of the Righteous - Enhanced Edition,7.0,30335.0,-65.0,6.99,19.99,2021-09-02,1,0,1,2025-08-11 00:00,2021.0,0-30,2020–2024
DREDGE,8.0,38951.0,-50.0,13.49,26.99,2023-03-30,1,0,1,2025-08-11 00:00,2023.0,0-30,2020–2024
Fallout 4,7.0,264763.0,-60.0,7.99,19.99,2015-11-09,1,0,0,2025-08-11 00:00,2015.0,0-30,2015–2019
Sins of a Solar Empire II,7.0,5927.0,-30.0,32.19,45.99,2024-08-15,1,0,0,2025-08-11 00:00,2024.0,40-50,2020–2024
Sid Meier’s Civilization® VI,7.0,261136.0,-90.0,5.99,59.99,2016-10-20,1,1,1,2025-08-11 00:00,2016.0,50-60,2015–2019
Northgard,7.0,51735.0,-84.0,4.47,27.99,2018-03-07,1,1,1,2025-08-11 00:00,2018.0,0-30,2015–2019
The Planet Crafter,8.0,53640.0,-40.0,14.39,23.99,2024-04-10,1,0,0,2025-08-11 00:00,2024.0,0-30,2020–2024
Out and About,6.0,37.0,-10.0,15.74,17.49,2025-08-11,1,0,0,2025-08-11 00:00,2025.0,0-30,2025+
Tiny Glade,8.0,19211.0,-20.0,11.83,14.79,2024-09-23,1,1,0,2025-08-11 00:00,2024.0,0-30,2020–2024
Starfield,4.0,109329.0,-40.0,41.99,69.99,2023-09-05,1,0,0,2025-08-11 00:00,2023.0,60+,2020–2024
Dragon's Dogma 2,4.0,71246.0,-58.0,27.29,64.99,2024-03-21,1,0,0,2025-08-11 00:00,2024.0,60+,2020–2024
NieR Replicant™ ver.1.22474487139...,7.0,19640.0,-65.0,20.99,59.99,2021-04-23,1,0,0,2025-08-11 00:00,2021.0,50-60,2020–2024
MakeRoom,7.0,176.0,-10.0,8.77,9.75,2025-08-07,1,0,0,2025-08-11 00:00,2025.0,0-30,2025+
Monster Hunter Wilds,4.0,165280.0,-20.0,55.99,69.99,2025-02-27,1,0,0,2025-08-11 00:00,2025.0,60+,2025+
Phoenix Wright: Ace Attorney Trilogy,8.0,30896.0,-67.0,9.89,29.99,2019-04-09,1,0,0,2025-08-11 00:00,2019.0,0-30,2015–2019
Against the Storm,8.0,29161.0,-50.0,14.99,29.99,2023-12-08,1,0,0,2025-08-11 00:00,2023.0,0-30,2020–2024
DEATH STRANDING DIRECTOR'S CUT,7.0,36248.0,-50.0,19.99,39.99,2022-03-30,1,0,0,2025-08-11 00:00,2022.0,30-40,2020–2024
PGA TOUR 2K25,4.0,2156.0,-33.0,46.89,69.99,2025-02-27,1,0,0,2025-08-11 00:00,2025.0,60+,2025+
Overcooked! 2,7.0,54475.0,-75.0,5.74,22.99,2018-08-07,1,1,1,2025-08-11 00:00,2018.0,0-30,2015–2019
Fallout 4: Game of the Year Edition,7.0,279629.0,-60.0,15.99,39.99,2015-11-10,1,0,0,2025-08-11 00:00,2015.0,30-40,2015–2019
Mortal Kombat 1,5.0,25575.0,-67.0,16.49,49.99,2023-09-19,1,0,0,2025-08-11 00:00,2023.0,40-50,2020–2024
Devil May Cry 4 Special Edition,7.0,14351.0,-70.0,7.49,24.99,2015-06-23,1,0,0,2025-08-11 00:00,2015.0,0-30,2015–2019
DOOM Eternal,7.0,177820.0,-75.0,9.99,39.99,2020-03-19,1,0,0,2025-08-11 00:00,2020.0,30-40,2020–2024
Foundation,7.0,19636.0,-30.0,23.79,33.99,2025-01-31,1,0,0,2025-08-11 00:00,2025.0,30-40,2025+
End of Zoe,7.0,1063.0,-75.0,3.74,14.99,2017-12-11,1,0,0,2025-08-11 00:00,2017.0,0-30,2015–2019
Passant: A Chess Roguelike,7.0,69.0,-10.0,10.61,11.79,2025-08-11,1,0,0,2025-08-11 00:00,2025.0,0-30,2025+
Galactic Civilizations IV,5.0,1737.0,-50.0,18.24,36.49,2023-10-19,1,0,0,2025-08-11 00:00,2023.0,30-40,2020–2024
Call of Duty®: Black Ops Cold War,7.0,19031.0,-67.0,19.79,59.99,2023-03-08,1,0,0,2025-08-11 00:00,2023.0,50-60,2020–2024
Luma Island,7.0,9303.0,-30.0,13.99,19.99,2024-11-20,1,0,0,2025-08-11 00:00,2024.0,0-30,2020–2024
The Stanley Parable: Ultra Deluxe,7.0,29962.0,-40.0,13.19,21.99,2022-04-27,1,1,1,2025-08-11 00:00,2022.0,0-30,2020–2024
Wasteland 3,7.0,16347.0,-80.0,8.39,41.99,2020-08-27,1,1,1,2025-08-11 00:00,2020.0,40-50,2020–2024
Party Animals,7.0,48269.0,-30.0,12.59,17.99,2023-09-20,1,0,0,2025-08-11 00:00,2023.0,0-30,2020–2024
Pro Cycling Manager 25,5.0,258.0,-20.0,31.99,39.99,2025-06-05,1,0,0,2025-08-11 00:00,2025.0,30-40,2025+
SpellForce: Conquest of Eo,7.0,1926.0,-67.0,9.89,29.99,2023-02-03,1,0,0,2025-08-11 00:00,2023.0,0-30,2020–2024
Coral Island,7.0,17839.0,-33.0,20.09,29.99,2023-11-14,1,0,0,2025-08-11 00:00,2023.0,0-30,2020–2024
Dominions 6 - Rise of the Pantokrator,7.0,1281.0,-35.0,28.59,43.99,2024-01-17,1,1,1,2025-08-11 00:00,2024.0,40-50,2020–2024
MONSTER HUNTER RISE,7.0,72300.0,-75.0,9.99,39.99,2022-01-12,1,0,0,2025-08-11 00:00,2022.0,30-40,2020–2024
Monster Hunter World: Iceborne,4.0,17582.0,-75.0,9.99,39.99,2020-01-09,1,0,0,2025-08-11 00:00,2020.0,30-40,2020–2024
Haste,7.0,7310.0,-30.0,13.29,18.99,2025-04-01,1,1,1,2025-08-11 00:00,2025.0,0-30,2025+
Resident Evil 3,7.0,63562.0,-75.0,9.99,39.99,2019-01-24,1,0,0,2025-08-11 00:00,2019.0,30-40,2015–2019
Expansion - Hearts of Iron IV: Götterdämmerung,5.0,1581.0,-20.0,19.99,24.99,2024-11-14,1,1,1,2025-08-11 00:00,2024.0,0-30,2020–2024
Call of Duty®: Modern Warfare®,5.0,21005.0,-67.0,19.79,59.99,2023-03-08,1,0,0,2025-08-11 00:00,2023.0,50-60,2020–2024
Expansion - Hearts of Iron IV: Arms Against Tyranny,4.0,1869.0,-20.0,15.99,19.99,2023-10-10,1,1,1,2025-08-11 00:00,2023.0,0-30,2020–2024
Spiritfarer®: Farewell Edition,8.0,42589.0,-85.0,4.34,28.99,2020-08-18,1,1,1,2025-08-11 00:00,2020.0,0-30,2020–2024
Resident Evil 2,8.0,122245.0,-75.0,9.99,39.99,2019-01-24,1,0,0,2025-08-11 00:00,2019.0,30-40,2015–2019
The Precinct,7.0,5409.0,-20.0,23.99,29.99,2025-05-13,1,0,0,2025-08-11 00:00,2025.0,0-30,2025+
"Haiku, the Robot",7.0,2108.0,-80.0,3.79,18.99,2022-04-28,1,0,1,2025-08-11 00:00,2022.0,0-30,2020–2024
Fast Food Simulator,7.0,5802.0,-30.0,10.35,14.79,2024-12-10,1,0,0,2025-08-11 00:00,2024.0,0-30,2020–2024
Solasta: Crown of the Magister,7.0,18104.0,-70.0,8.99,29.99,2021-05-27,1,0,1,2025-08-11 00:00,2021.0,0-30,2020–2024
AI LIMIT,7.0,16922.0,-20.0,27.99,34.99,2025-03-27,1,0,0,2025-08-11 00:00,2025.0,30-40,2025+
Wingspan,7.0,8754.0,-50.0,9.99,19.99,2020-09-17,1,0,1,2025-08-11 00:00,2020.0,0-30,2020–2024
Castle Crashers - Painter Boss Paradise,7.0,686.0,-10.0,3.59,3.99,2025-08-06,1,0,1,2025-08-11 00:00,2025.0,0-30,2025+
Vellum,7.0,983.0,-30.0,13.65,19.5,2025-05-02,1,0,0,2025-08-11 00:00,2025.0,0-30,2025+
Indiana Jones and the Great Circle,7.0,9458.0,-20.0,55.99,69.99,2024-12-08,1,0,0,2025-08-11 00:00,2024.0,60+,2020–2024
Deadzone: Rogue - Operative Pack,6.0,21.0,-20.0,9.99,12.49,2025-08-11,1,0,0,2025-08-11 00:00,2025.0,0-30,2025+
Wolfenstein II: The New Colossus,7.0,31713.0,-85.0,4.49,29.99,2017-10-26,1,0,0,2025-08-11 00:00,2017.0,0-30,2015–2019
ZEPHON,7.0,1309.0,-25.0,29.99,39.99,2024-11-08,1,1,0,2025-08-11 00:00,2024.0,30-40,2020–2024
Citadelum,7.0,695.0,-30.0,17.49,24.99,2024-10-17,1,0,0,2025-08-11 00:00,2024.0,0-30,2020–2024
The RPG,7.0,217.0,-10.0,13.31,14.79,2025-08-07,1,0,0,2025-08-11 00:00,2025.0,0-30,2025+
OUTBRK,5.0,1987.0,-25.0,25.49,33.99,2024-06-28,1,0,0,2025-08-11 00:00,2024.0,30-40,2020–2024
Gemporium: A Cute Mining Sim,7.0,272.0,-20.0,7.8,9.75,2025-08-07,1,0,0,2025-08-11 00:00,2025.0,0-30,2025+
Escape Simulator,7.0,15054.0,-40.0,10.19,16.99,2021-10-19,1,0,1,2025-08-11 00:00,2021.0,0-30,2020–2024
ONE PIECE: PIRATE WARRIORS 4,7.0,15996.0,-77.0,14.94,64.99,2020-03-26,1,0,0,2025-08-11 00:00,2020.0,60+,2020–2024
Monster Hunter Stories,7.0,728.0,-34.0,19.79,29.99,2024-06-13,1,0,0,2025-08-11 00:00,2024.0,0-30,2020–2024
Heroes of Valor,7.0,769.0,-20.0,11.83,14.79,2025-06-12,1,0,0,2025-08-11 00:00,2025.0,0-30,2025+
Terra Nil,7.0,6720.0,-60.0,9.99,24.99,2023-03-28,1,1,1,2025-08-11 00:00,2023.0,0-30,2020–2024
Mortal Kombat 11,7.0,80737.0,-90.0,4.99,49.99,2019-04-23,1,0,0,2025-08-11 00:00,2019.0,40-50,2015–2019
Strange Jigsaws,8.0,739.0,-10.0,4.49,4.99,2025-08-07,1,0,0,2025-08-11 00:00,2025.0,0-30,2025+
Rise Of The White Sun - 白日升,7.0,610.0,-70.0,6.29,20.99,2023-09-21,1,1,1,2025-08-11 00:00,2023.0,0-30,2020–2024
Nice Day for Fishing,7.0,1725.0,-20.0,15.99,19.99,2025-05-29,1,0,0,2025-08-11 00:00,2025.0,0-30,2025+
WWE 2K25,4.0,2290.0,-50.0,29.99,59.99,2025-03-13,1,0,0,2025-08-11 00:00,2025.0,50-60,2025+
Golf With Your Friends,7.0,44875.0,-70.0,4.49,14.99,2020-05-19,1,1,1,2025-08-11 00:00,2020.0,0-30,2020–2024
SOMA,8.0,40454.0,-70.0,8.69,28.99,2015-09-21,1,1,1,2025-08-11 00:00,2015.0,0-30,2015–2019
Victoria 3: Sphere of Influence,5.0,1131.0,-20.0,23.99,29.99,2024-06-24,1,1,1,2025-08-11 00:00,2024.0,0-30,2020–2024
Apollo Justice: Ace Attorney Trilogy,7.0,2562.0,-50.0,24.99,49.99,2024-01-24,1,0,0,2025-08-11 00:00,2024.0,40-50,2020–2024
This Grand Life 2,7.0,170.0,-20.0,13.99,17.49,2025-08-08,1,0,0,2025-08-11 00:00,2025.0,0-30,2025+
Against the Storm - Nightwatchers,7.0,116.0,-10.0,13.49,14.99,2025-07-31,1,0,0,2025-08-11 00:00,2025.0,0-30,2025+
Yield! Fall of Rome,5.0,138.0,-50.0,9.99,19.99,2025-08-11,1,0,1,2025-08-11 00:00,2025.0,0-30,2025+
No Rest for the Wicked,5.0,42918.0,-30.0,27.99,39.99,2024-04-18,1,0,0,2025-08-11 00:00,2024.0,30-40,2020–2024
Ace Attorney Investigations Collection,8.0,2434.0,-25.0,29.99,39.99,2024-09-05,1,0,0,2025-08-11 00:00,2024.0,30-40,2020–2024
Chained Echoes,7.0,6609.0,-50.0,12.49,24.99,2022-12-08,1,1,1,2025-08-11 00:00,2022.0,0-30,2020–2024
The Elder Scrolls Online: 2025 Content Pass,4.0,90.0,-20.0,39.99,49.99,2025-04-10,1,0,1,2025-08-11 00:00,2025.0,40-50,2025+
Expansion - Hearts of Iron IV: By Blood Alone,3.0,2897.0,-30.0,13.99,19.99,2022-09-27,1,1,1,2025-08-11 00:00,2022.0,0-30,2020–2024
Expansion - Europa Universalis IV: Winds of Change,4.0,240.0,-20.0,15.99,19.99,2024-05-08,1,1,1,2025-08-11 00:00,2024.0,0-30,2020–2024
Slime Rancher 2,7.0,30535.0,-34.0,18.8,28.49,2022-09-22,1,0,0,2025-08-11 00:00,2022.0,0-30,2020–2024
Slime Rancher,8.0,125005.0,-75.0,4.74,18.99,2017-08-01,1,1,1,2025-08-11 00:00,2017.0,0-30,2015–2019
The Plucky Squire,7.0,2097.0,-50.0,14.99,29.99,2024-09-17,1,0,0,2025-08-11 00:00,2024.0,0-30,2020–2024
Granblue Fantasy: Relink,7.0,36206.0,-55.0,26.99,59.99,2024-01-31,1,0,0,2025-08-11 00:00,2024.0,50-60,2020–2024
ContractVille,7.0,3677.0,-50.0,14.49,28.99,2025-05-26,1,0,0,2025-08-11 00:00,2025.0,0-30,2025+
PlateUp!,7.0,16229.0,-70.0,5.85,19.5,2022-08-04,1,0,0,2025-08-11 00:00,2022.0,0-30,2020–2024
Hell Let Loose,7.0,91638.0,-55.0,26.99,59.99,2021-07-27,1,0,0,2025-08-11 00:00,2021.0,50-60,2020–2024
Monster Hunter Rise + Sunbreak,7.0,76958.0,-75.0,14.99,59.99,2022-06-29,1,0,0,2025-08-11 00:00,2022.0,50-60,2020–2024
Stellaris: The Machine Age,5.0,792.0,-20.0,19.99,24.99,2024-05-07,1,1,1,2025-08-11 00:00,2024.0,0-30,2020–2024
The Walking Dead: The Telltale Definitive Series,8.0,24325.0,-75.0,12.24,48.99,2020-10-29,1,0,0,2025-08-11 00:00,2020.0,40-50,2020–2024
DOOM,8.0,145528.0,-80.0,3.99,19.99,2016-05-12,1,0,0,2025-08-11 00:00,2016.0,0-30,2015–2019
Content Warning,7.0,60126.0,-30.0,5.45,7.79,2024-04-01,1,0,0,2025-08-11 00:00,2024.0,0-30,2020–2024
Double Dragon Gaiden: Rise Of The Dragons,7.0,887.0,-65.0,8.74,24.99,2023-07-27,1,0,0,2025-08-11 00:00,2023.0,0-30,2020–2024
Life is Strange: Double Exposure,4.0,6064.0,-50.0,24.99,49.99,2024-10-29,1,0,0,2025-08-11 00:00,2024.0,40-50,2020–2024
Expansion - Hearts of Iron IV: No Step Back,4.0,3395.0,-30.0,13.99,19.99,2021-11-23,1,1,1,2025-08-11 00:00,2021.0,0-30,2020–2024
Total Conflict: Resistance,5.0,4172.0,-25.0,21.74,28.99,2023-04-21,1,0,0,2025-08-11 00:00,2023.0,0-30,2020–2024
The Thaumaturge,7.0,3030.0,-50.0,17.49,34.99,2024-03-04,1,0,0,2025-08-11 00:00,2024.0,30-40,2020–2024
Street Fighter™ 6 - Year 2 Character Pass,4.0,143.0,-20.0,23.99,29.99,2024-06-07,1,0,0,2025-08-11 00:00,2024.0,0-30,2020–2024
Orebound,5.0,538.0,-40.0,14.99,24.99,2024-10-24,1,0,0,2025-08-11 00:00,2024.0,0-30,2020–2024
[NINJA GAIDEN: Master Collection] NINJA GAIDEN Σ2,5.0,1386.0,-50.0,19.99,39.99,2021-06-09,1,0,0,2025-08-11 00:00,2021.0,30-40,2020–2024
Call of Duty®: WWII,5.0,30942.0,-60.0,39.99,99.99,2017-11-02,1,0,0,2025-08-11 00:00,2017.0,60+,2015–2019
Human Fall Flat,7.0,165704.0,-70.0,5.99,19.99,2016-07-22,1,0,1,2025-08-11 00:00,2016.0,0-30,2015–2019
Trepang2,7.0,12027.0,-50.0,14.99,29.99,2023-06-21,1,0,0,2025-08-11 00:00,2023.0,0-30,2020–2024
Call of Duty®: Modern Warfare® Remastered (2017),4.0,11922.0,-50.0,19.99,39.99,2017-07-27,1,0,0,2025-08-11 00:00,2017.0,30-40,2015–2019
Cast n Chill,7.0,2595.0,-20.0,11.83,14.79,2025-06-16,1,0,1,2025-08-11 00:00,2025.0,0-30,2025+
Predator: Hunting Grounds,5.0,3796.0,-75.0,4.87,19.5,2021-04-29,1,0,0,2025-08-11 00:00,2021.0,0-30,2020–2024
"Warhammer 40,000: Rogue Trader - Deluxe Pack",5.0,71.0,-50.0,7.49,14.99,2023-12-07,1,0,1,2025-08-11 00:00,2023.0,0-30,2020–2024
Expansion - Hearts of Iron IV: La Résistance,4.0,2108.0,-50.0,9.99,19.99,2020-02-25,1,1,1,2025-08-11 00:00,2020.0,0-30,2020–2024
Age of Wonders: Planetfall,7.0,4622.0,-66.0,10.19,29.99,2019-08-06,1,0,1,2025-08-11 00:00,2019.0,0-30,2015–2019
Rise of the Ronin,4.0,4373.0,-25.0,37.49,49.99,2025-03-10,1,0,0,2025-08-11 00:00,2025.0,40-50,2025+
X4: Timelines,4.0,1787.0,-20.0,11.99,14.99,2024-06-20,1,1,0,2025-08-11 00:00,2024.0,0-30,2020–2024
Resident Evil 0,7.0,10195.0,-75.0,4.99,19.99,2016-01-19,1,0,0,2025-08-11 00:00,2016.0,0-30,2015–2019
Knights of Honor II: Sovereign,5.0,4386.0,-67.0,14.84,44.99,2022-12-06,1,0,0,2025-08-11 00:00,2022.0,40-50,2020–2024
The Elder Scrolls V: Skyrim Anniversary Upgrade,4.0,6522.0,-50.0,9.99,19.99,2021-11-10,1,0,0,2025-08-11 00:00,2021.0,0-30,2020–2024
Artis Impact,7.0,1009.0,-10.0,15.29,16.99,2025-08-07,1,0,0,2025-08-11 00:00,2025.0,0-30,2025+
Back 4 Blood,4.0,52480.0,-90.0,5.99,59.99,2021-10-12,1,0,0,2025-08-11 00:00,2021.0,50-60,2020–2024
Öoo,8.0,672.0,-20.0,7.8,9.75,2025-08-07,1,0,0,2025-08-11 00:00,2025.0,0-30,2025+
FATAL FURY: City of the Wolves,7.0,1603.0,-40.0,35.99,59.99,2025-04-24,1,0,0,2025-08-11 00:00,2025.0,50-60,2025+
Gatekeeper,7.0,1927.0,-35.0,9.74,14.99,2025-08-01,1,0,0,2025-08-11 00:00,2025.0,0-30,2025+
Heroes of Science and Fiction,7.0,333.0,-50.0,12.49,24.99,2024-09-30,1,1,0,2025-08-11 00:00,2024.0,0-30,2020–2024
Dune: Spice Wars - House Vernius of Ix,7.0,116.0,-40.0,7.79,12.99,2024-03-07,1,0,0,2025-08-11 00:00,2024.0,0-30,2020–2024
The Texas Chain Saw Massacre,4.0,18152.0,-75.0,4.87,19.5,2023-08-18,1,0,0,2025-08-11 00:00,2023.0,0-30,2020–2024
Super Mini Mart,7.0,79.0,-33.0,7.89,11.79,2025-04-15,1,0,0,2025-08-11 00:00,2025.0,0-30,2025+
X4: Kingdom End,7.0,422.0,-50.0,7.49,14.99,2023-04-12,1,1,0,2025-08-11 00:00,2023.0,0-30,2020–2024
The Planet Crafter - Planet Humble,5.0,753.0,-30.0,5.59,7.99,2024-10-09,1,0,0,2025-08-11 00:00,2024.0,0-30,2020–2024
Offworld Trading Company,5.0,3529.0,-75.0,6.74,26.99,2016-04-28,1,0,1,2025-08-11 00:00,2016.0,0-30,2015–2019
We Love Katamari REROLL+ Royal Reverie,8.0,1812.0,-75.0,7.49,29.99,2023-06-01,1,0,0,2025-08-11 00:00,2023.0,0-30,2020–2024
Fate/hollow ataraxia REMASTERED,7.0,258.0,-10.0,26.09,28.99,2025-08-06,1,0,0,2025-08-11 00:00,2025.0,0-30,2025+
Worms W.M.D,7.0,8898.0,-80.0,5.99,29.99,2016-08-23,1,1,1,2025-08-11 00:00,2016.0,0-30,2015–2019
Blasphemous,7.0,44605.0,-75.0,6.24,24.99,2019-09-10,1,1,1,2025-08-11 00:00,2019.0,0-30,2015–2019
Resident Evil,7.0,20807.0,-75.0,4.99,19.99,2015-01-19,1,0,0,2025-08-11 00:00,2015.0,0-30,2015–2019
"Warhammer 40,000: Gladius - Relics of War",7.0,7476.0,-90.0,4.08,40.86,2018-07-12,1,1,0,2025-08-11 00:00,2018.0,40-50,2015–2019
Wolfenstein: Youngblood,4.0,11683.0,-75.0,4.99,19.99,2019-07-25,1,0,0,2025-08-11 00:00,2019.0,0-30,2015–2019
The Escapists 2,7.0,25329.0,-75.0,4.99,19.99,2017-08-21,1,1,1,2025-08-11 00:00,2017.0,0-30,2015–2019
Dread Delusion,7.0,3903.0,-45.0,9.23,16.79,2024-05-14,1,0,0,2025-08-11 00:00,2024.0,0-30,2020–2024
Kebab Chefs! - Restaurant Simulator,7.0,5877.0,-30.0,12.24,17.49,2024-01-19,1,0,0,2025-08-11 00:00,2024.0,0-30,2020–2024
Ultimate Chicken Horse,8.0,37649.0,-60.0,5.19,12.99,2016-03-04,1,1,1,2025-08-11 00:00,2016.0,0-30,2015–2019
The Headliners,7.0,5599.0,-25.0,5.84,7.79,2025-01-30,1,0,0,2025-08-11 00:00,2025.0,0-30,2025+
Sovereign Syndicate,7.0,377.0,-50.0,9.75,19.5,2024-01-15,1,0,0,2025-08-11 00:00,2024.0,0-30,2020–2024
Card Shop Simulator Multiplayer,7.0,672.0,-40.0,7.07,11.79,2025-06-17,1,0,0,2025-08-11 00:00,2025.0,0-30,2025+
Dishonored®: Death of the Outsider™,7.0,9055.0,-80.0,5.99,29.99,2017-09-14,1,0,0,2025-08-11 00:00,2017.0,0-30,2015–2019
Pathfinder: Kingmaker — Enhanced Plus Edition,5.0,26879.0,-85.0,2.99,19.99,2018-09-25,1,1,1,2025-08-11 00:00,2018.0,0-30,2015–2019
Caves of Qud,8.0,9995.0,-15.0,24.64,28.99,2024-12-05,1,1,1,2025-08-11 00:00,2024.0,0-30,2020–2024
Stellaris: Overlord,4.0,1226.0,-50.0,9.99,19.99,2022-05-12,1,1,1,2025-08-11 00:00,2022.0,0-30,2020–2024
Moonstone Island,7.0,3348.0,-50.0,9.75,19.5,2023-09-20,1,1,1,2025-08-11 00:00,2023.0,0-30,2020–2024
Heart of the Machine,7.0,1061.0,-35.0,19.49,29.99,2025-01-31,1,0,1,2025-08-11 00:00,2025.0,0-30,2025+
Star Trek: Infinite,4.0,2893.0,-50.0,14.99,29.99,2023-10-12,1,0,1,2025-08-11 00:00,2023.0,0-30,2020–2024
Hacknet,7.0,16203.0,-85.0,1.46,9.75,2015-08-12,1,1,1,2025-08-11 00:00,2015.0,0-30,2015–2019
Totally Accurate Battle Simulator,8.0,129239.0,-66.0,6.45,18.99,2021-04-01,1,0,1,2025-08-11 00:00,2021.0,0-30,2020–2024
X4: Cradle of Humanity,7.0,340.0,-60.0,5.99,14.99,2021-03-16,1,1,0,2025-08-11 00:00,2021.0,0-30,2020–2024
Street Fighter V,5.0,27480.0,-50.0,9.99,19.99,2016-02-15,1,0,0,2025-08-11 00:00,2016.0,0-30,2015–2019
Gloomhaven,7.0,12881.0,-65.0,12.24,34.99,2021-10-20,1,0,1,2025-08-11 00:00,2021.0,30-40,2020–2024
Neva,7.0,6774.0,-30.0,13.99,19.99,2024-10-15,1,0,1,2025-08-11 00:00,2024.0,0-30,2020–2024
Just Cause™ 3,7.0,99884.0,-85.0,2.99,19.99,2015-11-30,1,0,0,2025-08-11 00:00,2015.0,0-30,2015–2019
Ghost Trick: Phantom Detective,8.0,4897.0,-50.0,14.99,29.99,2023-06-29,1,0,0,2025-08-11 00:00,2023.0,0-30,2020–2024
For The King,7.0,29743.0,-80.0,3.99,19.99,2018-04-19,1,1,1,2025-08-11 00:00,2018.0,0-30,2015–2019
Mouthwashing,8.0,28680.0,-30.0,8.95,12.79,2024-09-26,1,0,0,2025-08-11 00:00,2024.0,0-30,2020–2024
Children of Morta,7.0,16695.0,-80.0,4.39,21.99,2019-09-03,1,1,1,2025-08-11 00:00,2019.0,0-30,2015–2019
Zero Hour,5.0,27692.0,-80.0,1.95,9.75,2024-09-09,1,0,0,2025-08-11 00:00,2024.0,0-30,2020–2024
Wolfenstein: The Old Blood,7.0,16023.0,-75.0,4.99,19.99,2015-05-04,1,0,0,2025-08-11 00:00,2015.0,0-30,2015–2019
Dishonored 2,7.0,40439.0,-80.0,5.99,29.99,2016-11-11,1,0,0,2025-08-11 00:00,2016.0,0-30,2015–2019
Airships: Conquer the Skies,8.0,5626.0,-60.0,9.8,24.5,2018-08-16,1,1,1,2025-08-11 00:00,2018.0,0-30,2015–2019
Return to Monkey Island,7.0,8055.0,-70.0,7.35,24.5,2022-09-19,1,1,1,2025-08-11 00:00,2022.0,0-30,2020–2024
The Elder Scrolls V: Skyrim VR,5.0,8588.0,-75.0,14.99,59.99,2018-04-02,1,0,0,2025-08-11 00:00,2018.0,50-60,2015–2019
The Ranch of Rivershine,7.0,1558.0,-35.0,16.24,24.99,2025-05-23,1,0,0,2025-08-11 00:00,2025.0,0-30,2025+
X4: Tides of Avarice,5.0,295.0,-60.0,5.99,14.99,2022-03-14,1,1,0,2025-08-11 00:00,2022.0,0-30,2020–2024
Ale & Tale Tavern,7.0,6563.0,-52.0,8.6,17.8,2024-09-05,1,0,0,2025-08-11 00:00,2024.0,0-30,2020–2024
The Ascent,5.0,18131.0,-75.0,7.49,29.99,2021-07-29,1,0,0,2025-08-11 00:00,2021.0,0-30,2020–2024
Expansion - Hearts of Iron IV: Man the Guns,4.0,1824.0,-70.0,5.99,19.99,2019-02-28,1,1,1,2025-08-11 00:00,2019.0,0-30,2015–2019
The Great Ace Attorney Chronicles,7.0,4586.0,-60.0,15.99,39.99,2021-07-26,1,0,0,2025-08-11 00:00,2021.0,30-40,2020–2024
Sun Haven,7.0,19984.0,-50.0,12.25,24.5,2023-03-10,1,0,1,2025-08-11 00:00,2023.0,0-30,2020–2024
Dishonored: Death of the Outsider - Deluxe Bundle,7.0,49494.0,-80.0,11.99,59.99,2017-09-14,1,0,0,2025-08-11 00:00,2017.0,50-60,2015–2019
Age of History 3,7.0,13445.0,-40.0,5.99,9.99,2024-10-23,1,0,1,2025-08-11 00:00,2024.0,0-30,2020–2024
Prey,7.0,35390.0,-80.0,5.99,29.99,2017-05-04,1,0,0,2025-08-11 00:00,2017.0,0-30,2015–2019
Rust - Sunburn Pack,7.0,1873.0,-50.0,4.99,9.99,2020-07-09,1,0,1,2025-08-11 00:00,2020.0,0-30,2020–2024
Intravenous 2,8.0,2913.0,-35.0,12.93,19.9,2024-08-15,1,0,0,2025-08-11 00:00,2024.0,0-30,2020–2024
Roman Triumph: Survival City Builder,7.0,483.0,-25.0,18.74,24.99,2025-04-03,1,0,0,2025-08-11 00:00,2025.0,0-30,2025+
Bus Flipper: Renovator Simulator,5.0,210.0,-25.0,9.59,12.79,2025-07-31,1,0,0,2025-08-11 00:00,2025.0,0-30,2025+
Dark Envoy,5.0,666.0,-67.0,9.56,28.99,2023-10-24,1,0,0,2025-08-11 00:00,2023.0,0-30,2020–2024
Expansion - Europa Universalis IV: Domination,4.0,562.0,-20.0,15.99,19.99,2023-04-18,1,1,1,2025-08-11 00:00,2023.0,0-30,2020–2024
Victoria 3: Pivot of Empire,4.0,339.0,-20.0,7.99,9.99,2024-11-21,1,1,1,2025-08-11 00:00,2024.0,0-30,2020–2024
Cat Quest III,7.0,2500.0,-50.0,9.99,19.99,2024-08-08,1,0,0,2025-08-11 00:00,2024.0,0-30,2020–2024
Death's Door,7.0,17042.0,-75.0,4.87,19.5,2021-07-20,1,0,0,2025-08-11 00:00,2021.0,0-30,2020–2024
Slay the Princess — The Pristine Cut,8.0,23979.0,-30.0,12.24,17.49,2023-10-23,1,1,1,2025-08-11 00:00,2023.0,0-30,2020–2024
Call of Duty®: Infinite Warfare,4.0,16133.0,-67.0,19.79,59.99,2016-11-03,1,0,0,2025-08-11 00:00,2016.0,50-60,2015–2019
Cooking Simulator VR,7.0,1328.0,-60.0,8.39,20.99,2021-07-29,1,0,0,2025-08-11 00:00,2021.0,0-30,2020–2024
Cooking Simulator,7.0,16959.0,-70.0,5.03,16.79,2019-06-06,1,0,0,2025-08-11 00:00,2019.0,0-30,2015–2019
WITCH ON THE HOLY NIGHT,8.0,5254.0,-35.0,30.21,46.49,2023-12-14,1,0,0,2025-08-11 00:00,2023.0,40-50,2020–2024
Parkasaurus,7.0,2623.0,-75.0,5.24,20.99,2020-08-12,1,0,0,2025-08-11 00:00,2020.0,0-30,2020–2024
Tower of Time,7.0,2144.0,-86.0,3.35,23.99,2018-04-12,1,1,0,2025-08-11 00:00,2018.0,0-30,2015–2019
Wingspan: Asia Expansion,6.0,32.0,-10.0,10.79,11.99,2025-06-16,1,0,1,2025-08-11 00:00,2025.0,0-30,2025+
Megaquarium,8.0,3090.0,-70.0,7.35,24.5,2018-09-13,1,1,1,2025-08-11 00:00,2018.0,0-30,2015–2019
Tony Hawk's™ Pro Skater™ 1 + 2,7.0,4139.0,-60.0,17.99,44.99,2023-10-03,1,0,0,2025-08-11 00:00,2023.0,40-50,2020–2024
Warnament,7.0,79.0,-25.0,9.59,12.79,2025-08-07,1,1,1,2025-08-11 00:00,2025.0,0-30,2025+
Immersion Pack - Europa Universalis IV: King of Kings,5.0,210.0,-20.0,11.99,14.99,2023-11-06,1,1,1,2025-08-11 00:00,2023.0,0-30,2020–2024
ZERO Sievert,7.0,12676.0,-30.0,13.99,19.99,2024-10-23,1,0,0,2025-08-11 00:00,2024.0,0-30,2020–2024
Amnesia: The Bunker,7.0,8145.0,-65.0,8.57,24.5,2023-06-06,1,0,0,2025-08-11 00:00,2023.0,0-30,2020–2024
Immersion Pack - Europa Universalis IV: Lions of the North,7.0,378.0,-35.0,9.74,14.99,2022-09-13,1,1,1,2025-08-11 00:00,2022.0,0-30,2020–2024
Crow Country,8.0,5418.0,-40.0,11.7,19.5,2024-05-09,1,0,0,2025-08-11 00:00,2024.0,0-30,2020–2024
Stellaris: Grand Archive,4.0,248.0,-20.0,11.99,14.99,2024-10-29,1,1,1,2025-08-11 00:00,2024.0,0-30,2020–2024
Rust - Voice Props Pack,7.0,1750.0,-50.0,6.49,12.99,2021-07-01,1,0,1,2025-08-11 00:00,2021.0,0-30,2020–2024
Fallout 4 VR,4.0,5328.0,-67.0,19.79,59.99,2017-12-11,1,0,0,2025-08-11 00:00,2017.0,50-60,2015–2019
Rusty's Retirement,8.0,12480.0,-33.0,4.68,6.99,2024-04-26,1,0,1,2025-08-11 00:00,2024.0,0-30,2020–2024
Moonlighter,7.0,15825.0,-90.0,1.99,19.99,2018-05-29,1,1,1,2025-08-11 00:00,2018.0,0-30,2015–2019
The Jackbox Party Pack 3,8.0,4901.0,-40.0,14.99,24.99,2016-10-17,1,1,1,2025-08-11 00:00,2016.0,0-30,2015–2019
The Battle of Polytopia,7.0,4128.0,-60.0,4.99,12.49,2020-08-04,1,1,1,2025-08-11 00:00,2020.0,0-30,2020–2024
Weird West: Definitive Edition,5.0,3605.0,-85.0,5.99,39.99,2022-03-31,1,0,0,2025-08-11 00:00,2022.0,30-40,2020–2024
Rift of the NecroDancer,7.0,3584.0,-25.0,14.62,19.5,2025-02-05,1,0,0,2025-08-11 00:00,2025.0,0-30,2025+
GRIS,8.0,76816.0,-80.0,2.95,14.79,2018-12-13,1,0,1,2025-08-11 00:00,2018.0,0-30,2015–2019
Against the Storm - Keepers of the Stone,7.0,360.0,-35.0,9.74,14.99,2024-09-26,1,0,0,2025-08-11 00:00,2024.0,0-30,2020–2024
ROUNDS,8.0,30429.0,-50.0,2.74,5.49,2021-04-01,1,0,0,2025-08-11 00:00,2021.0,0-30,2020–2024
X4: Split Vendetta,7.0,251.0,-70.0,4.49,14.99,2020-03-31,1,1,0,2025-08-11 00:00,2020.0,0-30,2020–2024
Stellaris: Apocalypse,4.0,1466.0,-50.0,9.99,19.99,2018-02-22,1,1,1,2025-08-11 00:00,2018.0,0-30,2015–2019
Cultist Simulator,7.0,9500.0,-60.0,7.99,19.99,2018-05-31,1,1,1,2025-08-11 00:00,2018.0,0-30,2015–2019
Cosmoteer: Starship Architect & Commander,7.0,10817.0,-30.0,13.29,18.99,2022-10-24,1,0,0,2025-08-11 00:00,2022.0,0-30,2020–2024
Nioh 2 – The Complete Edition,7.0,31449.0,-55.0,26.99,59.99,2021-02-05,1,0,0,2025-08-11 00:00,2021.0,50-60,2020–2024
Call of Duty®: Vanguard,4.0,3407.0,-60.0,23.99,59.99,2023-03-08,1,0,0,2025-08-11 00:00,2023.0,50-60,2020–2024
Starfield - Shattered Space,3.0,3466.0,-20.0,23.99,29.99,2024-09-30,1,0,0,2025-08-11 00:00,2024.0,0-30,2020–2024
Ancient Cities,4.0,1746.0,-50.0,14.99,29.99,2023-03-24,1,0,0,2025-08-11 00:00,2023.0,0-30,2020–2024
Moving Out 2,5.0,281.0,-60.0,11.99,29.99,2023-08-15,1,0,0,2025-08-11 00:00,2023.0,0-30,2020–2024
Country Pack - Hearts of Iron IV: Trial of Allegiance,3.0,2216.0,-20.0,11.99,14.99,2024-03-07,1,1,1,2025-08-11 00:00,2024.0,0-30,2020–2024
Resident Evil Village - Winters’ Expansion,4.0,2356.0,-50.0,9.99,19.99,2022-10-27,1,0,0,2025-08-11 00:00,2022.0,0-30,2020–2024
Stick Fight: The Game,7.0,98296.0,-60.0,1.9,4.75,2017-09-28,1,0,1,2025-08-11 00:00,2017.0,0-30,2015–2019
Bloomtown: A Different Story,7.0,980.0,-50.0,12.49,24.99,2024-09-24,1,0,0,2025-08-11 00:00,2024.0,0-30,2020–2024
Static Dread: The Lighthouse,7.0,323.0,-25.0,9.59,12.79,2025-08-06,1,0,0,2025-08-11 00:00,2025.0,0-30,2025+
Crash Bandicoot™ N. Sane Trilogy,7.0,14530.0,-60.0,15.99,39.99,2018-06-29,1,0,0,2025-08-11 00:00,2018.0,30-40,2015–2019
Stellaris: Federations,5.0,951.0,-50.0,9.99,19.99,2020-03-17,1,1,1,2025-08-11 00:00,2020.0,0-30,2020–2024
Deliver At All Costs,5.0,188.0,-20.0,23.99,29.99,2025-05-22,1,0,0,2025-08-11 00:00,2025.0,0-30,2025+
Blasphemous 2,7.0,11546.0,-40.0,22.79,37.99,2023-08-24,1,0,0,2025-08-11 00:00,2023.0,30-40,2020–2024
Blood Bowl 3,4.0,3476.0,-60.0,11.99,29.99,2023-02-23,1,0,0,2025-08-11 00:00,2023.0,0-30,2020–2024
Time Flies,7.0,103.0,-10.0,12.59,13.99,2025-07-31,1,0,1,2025-08-11 00:00,2025.0,0-30,2025+
Stellaris: Utopia,5.0,1291.0,-50.0,9.99,19.99,2017-04-06,1,1,1,2025-08-11 00:00,2017.0,0-30,2015–2019
Citizen Sleeper 2: Starward Vector,7.0,1364.0,-25.0,18.37,24.5,2025-01-31,1,0,1,2025-08-11 00:00,2025.0,0-30,2025+
THE HOUSE OF THE DEAD: Remake,4.0,2217.0,-90.0,2.49,24.99,2022-04-28,1,0,0,2025-08-11 00:00,2022.0,0-30,2020–2024
Scythe: Digital Edition,7.0,3026.0,-70.0,5.99,19.99,2018-09-05,1,0,1,2025-08-11 00:00,2018.0,0-30,2015–2019
Stellaris: Galactic Paragons,4.0,920.0,-50.0,7.49,14.99,2023-05-09,1,1,1,2025-08-11 00:00,2023.0,0-30,2020–2024
Spirit of the North,7.0,4747.0,-75.0,4.19,16.79,2020-05-07,1,0,0,2025-08-11 00:00,2020.0,0-30,2020–2024
Cauldron,7.0,941.0,-20.0,11.99,14.99,2025-05-21,1,0,0,2025-08-11 00:00,2025.0,0-30,2025+
Battletoads,4.0,1994.0,-85.0,2.99,19.99,2020-08-20,1,0,0,2025-08-11 00:00,2020.0,0-30,2020–2024
Sid Meier’s Civilization® VI: Rise and Fall,4.0,2279.0,-50.0,14.99,29.99,2018-02-07,1,1,1,2025-08-11 00:00,2018.0,0-30,2015–2019
Drova - Forsaken Kin,8.0,7165.0,-25.0,18.74,24.99,2024-10-15,1,1,1,2025-08-11 00:00,2024.0,0-30,2020–2024
Becastled,7.0,4622.0,-33.0,10.04,14.99,2021-02-08,1,0,0,2025-08-11 00:00,2021.0,0-30,2020–2024
Monster Hunter Rise: Sunbreak,4.0,4657.0,-75.0,9.99,39.99,2022-06-29,1,0,0,2025-08-11 00:00,2022.0,30-40,2020–2024
Torment: Tides of Numenera,5.0,1981.0,-75.0,7.49,29.99,2017-02-27,1,1,1,2025-08-11 00:00,2017.0,0-30,2015–2019
Fallout 76: Atomic Angler Bundle,4.0,46.0,-40.0,17.99,29.99,2025-06-03,1,0,0,2025-08-11 00:00,2025.0,0-30,2025+
Monster Hunter World: Iceborne Deluxe Kit,7.0,171.0,-35.0,9.74,14.99,2020-01-09,1,0,0,2025-08-11 00:00,2020.0,0-30,2020–2024
The Evil Within 2,7.0,18539.0,-80.0,5.99,29.99,2017-10-12,1,0,0,2025-08-11 00:00,2017.0,0-30,2015–2019
Fallen City Brawl,4.0,13.0,-10.0,13.49,14.99,2025-08-12,1,0,0,2025-08-11 00:00,2025.0,0-30,2025+
Ion Fury,7.0,5467.0,-60.0,9.99,24.99,2019-08-15,1,1,0,2025-08-11 00:00,2019.0,0-30,2015–2019
Mortal Kombat X,7.0,36594.0,-80.0,3.99,19.99,2015-04-13,1,0,0,2025-08-11 00:00,2015.0,0-30,2015–2019
Golf It!,7.0,23370.0,-56.0,3.95,8.99,2023-08-18,1,0,1,2025-08-11 00:00,2023.0,0-30,2020–2024
ABZU,7.0,21001.0,-75.0,4.99,19.99,2016-08-02,1,0,0,2025-08-11 00:00,2016.0,0-30,2015–2019
PowerWash Simulator – Wallace & Gromit Special Pack,7.0,92.0,-25.0,5.99,7.99,2025-03-04,1,0,0,2025-08-11 00:00,2025.0,0-30,2025+
OneShot,8.0,51070.0,-40.0,5.85,9.75,2016-12-08,1,1,1,2025-08-11 00:00,2016.0,0-30,2015–2019
Tinkerlands,7.0,2273.0,-25.0,9.74,12.99,2025-05-23,1,0,0,2025-08-11 00:00,2025.0,0-30,2025+
Crash Bandicoot™ 4: It’s About Time,7.0,3246.0,-50.0,19.99,39.99,2022-10-18,1,0,0,2025-08-11 00:00,2022.0,30-40,2020–2024
Die in the Dungeon,7.0,1926.0,-25.0,9.74,12.99,2025-02-21,1,0,1,2025-08-11 00:00,2025.0,0-30,2025+
Ara: History Untold,4.0,1799.0,-50.0,29.99,59.99,2024-09-24,1,0,0,2025-08-11 00:00,2024.0,50-60,2020–2024
Fischer's Fishing Journey,7.0,238.0,-10.0,7.01,7.79,2025-08-07,1,0,0,2025-08-11 00:00,2025.0,0-30,2025+
Crypt Custodian,8.0,1969.0,-30.0,13.65,19.5,2024-08-27,1,0,0,2025-08-11 00:00,2024.0,0-30,2020–2024
Country Pack - Hearts of Iron IV: Battle for the Bosporus,4.0,2745.0,-50.0,4.99,9.99,2020-10-15,1,1,1,2025-08-11 00:00,2020.0,0-30,2020–2024
Netherworld Covenant,7.0,255.0,-10.0,15.74,17.49,2025-06-18,1,0,1,2025-08-11 00:00,2025.0,0-30,2025+
RESIDENT EVIL 2 / BIOHAZARD RE:2 Deluxe Edition,8.0,125428.0,-75.0,12.49,49.99,2019-01-24,1,0,0,2025-08-11 00:00,2019.0,40-50,2015–2019
Stellaris: First Contact Story Pack,4.0,489.0,-50.0,7.49,14.99,2023-03-14,1,1,1,2025-08-11 00:00,2023.0,0-30,2020–2024
Wizard with a Gun,7.0,2610.0,-70.0,7.35,24.5,2023-10-17,1,0,0,2025-08-11 00:00,2023.0,0-30,2020–2024
Stellaris: Astral Planes,3.0,1048.0,-50.0,9.99,19.99,2023-11-16,1,1,1,2025-08-11 00:00,2023.0,0-30,2020–2024
Disciples: Liberation,5.0,2468.0,-65.0,13.99,39.99,2021-10-21,1,0,0,2025-08-11 00:00,2021.0,30-40,2020–2024
Resident Evil Deluxe Origins Bundle / Biohazard Deluxe Origins Bundle,7.0,31201.0,-75.0,9.99,39.99,2016-01-19,1,0,0,2025-08-11 00:00,2016.0,30-40,2015–2019
Soulmask,7.0,13001.0,-30.0,20.99,29.99,2024-05-30,1,0,0,2025-08-11 00:00,2024.0,0-30,2020–2024
Okami HD,7.0,7651.0,-50.0,9.99,19.99,2017-12-12,1,0,0,2025-08-11 00:00,2017.0,0-30,2015–2019
Expansion - Europa Universalis IV: Emperor,4.0,794.0,-35.0,12.99,19.99,2020-06-09,1,1,1,2025-08-11 00:00,2020.0,0-30,2020–2024
MARVEL vs. CAPCOM Fighting Collection: Arcade Classics,7.0,1719.0,-40.0,29.99,49.99,2024-09-11,1,0,0,2025-08-11 00:00,2024.0,40-50,2020–2024
Cat Quest II,8.0,5304.0,-75.0,3.74,14.99,2019-09-24,1,0,0,2025-08-11 00:00,2019.0,0-30,2015–2019
Spyro™ Reignited Trilogy,7.0,12848.0,-65.0,13.99,39.99,2019-09-03,1,0,0,2025-08-11 00:00,2019.0,30-40,2015–2019
Ghostwire: Tokyo,7.0,11093.0,-75.0,14.99,59.99,2022-03-24,1,0,0,2025-08-11 00:00,2022.0,50-60,2020–2024
Victoria 3: Colossus of the South,5.0,350.0,-20.0,4.79,5.99,2023-11-14,1,1,1,2025-08-11 00:00,2023.0,0-30,2020–2024
Katamari Damacy REROLL,7.0,4572.0,-75.0,4.99,19.99,2018-12-06,1,0,0,2025-08-11 00:00,2018.0,0-30,2015–2019
Chained Echoes: Ashes of Elrant,6.0,38.0,-10.0,8.99,9.99,2025-08-07,1,1,1,2025-08-11 00:00,2025.0,0-30,2025+
Minutescape,5.0,340.0,-30.0,4.12,5.89,2025-04-15,1,1,1,2025-08-11 00:00,2025.0,0-30,2025+
Ship of Fools,7.0,4408.0,-60.0,8.79,21.99,2022-11-22,1,0,0,2025-08-11 00:00,2022.0,0-30,2020–2024
BOKURA,7.0,8911.0,-70.0,1.61,5.39,2023-08-09,1,0,1,2025-08-11 00:00,2023.0,0-30,2020–2024
Zoria: Age of Shattering,5.0,453.0,-50.0,12.25,24.5,2024-03-07,1,1,0,2025-08-11 00:00,2024.0,0-30,2020–2024
Victoria 3: Voice of the People,3.0,1013.0,-40.0,8.99,14.99,2023-05-22,1,1,1,2025-08-11 00:00,2023.0,0-30,2020–2024
Lynked: Banner of the Spark,7.0,312.0,-30.0,16.09,22.99,2025-05-22,1,0,0,2025-08-11 00:00,2025.0,0-30,2025+
Merge Maestro,7.0,152.0,-20.0,2.39,2.99,2025-06-19,1,0,1,2025-08-11 00:00,2025.0,0-30,2025+
除灵事务所,6.0,13.0,-10.0,11.51,12.79,2025-08-12,1,0,0,2025-08-11 00:00,2025.0,0-30,2025+
Wingspan: Oceania Expansion,7.0,82.0,-20.0,9.59,11.99,2023-12-12,1,0,1,2025-08-11 00:00,2023.0,0-30,2020–2024
Jump King,7.0,11474.0,-66.0,4.41,12.99,2019-05-03,1,0,0,2025-08-11 00:00,2019.0,0-30,2015–2019
PowerWash Simulator – Shrek Special Pack,5.0,149.0,-25.0,5.99,7.99,2024-10-10,1,0,0,2025-08-11 00:00,2024.0,0-30,2020–2024
Wylde Flowers,8.0,1993.0,-25.0,15.74,20.99,2022-09-20,1,0,0,2025-08-11 00:00,2022.0,0-30,2020–2024
The Dungeon Of Naheulbeuk: The Amulet Of Chaos,7.0,6503.0,-80.0,6.99,34.99,2020-09-17,1,0,1,2025-08-11 00:00,2020.0,30-40,2020–2024
NINJA GAIDEN: Master Collection,5.0,4739.0,-50.0,19.99,39.99,2021-06-09,1,0,0,2025-08-11 00:00,2021.0,30-40,2020–2024
"Warhammer 40,000: Space Marine 2",7.0,78452.0,-50.0,27.49,54.99,2024-09-09,1,0,0,2025-09-15 12:47,2024.0,50-60,2020–2024
Kingdom Come: Deliverance II,7.0,43537.0,-30.0,34.99,49.99,2025-02-04,1,0,0,2025-09-15 12:47,2025.0,40-50,2025+
Crusader Kings III,7.0,44996.0,-50.0,20.99,41.99,2020-09-01,1,1,1,2025-09-15 12:47,2020.0,40-50,2020–2024
Dune: Awakening,5.0,39326.0,-20.0,33.59,41.99,2025-06-10,1,0,0,2025-09-15 12:47,2025.0,40-50,2025+
Shape of Dreams,7.0,966.0,-20.0,16.79,20.99,2025-09-10,1,0,0,2025-09-15 12:47,2025.0,0-30,2025+
STAR WARS Jedi: Survivor™,4.0,44108.0,-80.0,11.99,59.99,2023-04-27,1,0,0,2025-09-15 12:47,2023.0,50-60,2020–2024
The Outlast Trials,7.0,28172.0,-70.0,10.05,33.5,2024-03-05,1,0,0,2025-09-15 12:47,2024.0,30-40,2020–2024
DayZ,5.0,169558.0,-50.0,19.99,39.99,2018-12-13,1,0,0,2025-09-15 12:47,2018.0,30-40,2015–2019
Arma Reforger,5.0,21439.0,-25.0,24.74,32.99,2023-11-16,1,0,0,2025-09-15 12:47,2023.0,30-40,2020–2024
Atomic Heart,5.0,11553.0,-70.0,16.49,54.99,2023-02-20,1,0,0,2025-09-15 12:47,2023.0,50-60,2020–2024
Little Witch in the Woods,7.0,3070.0,-10.0,11.15,12.39,2025-09-14,1,0,1,2025-09-15 12:47,2025.0,0-30,2025+
Valheim,7.0,246450.0,-50.0,7.74,15.49,2021-02-02,1,1,1,2025-09-15 12:47,2021.0,0-30,2020–2024
Le Mans Ultimate,5.0,3833.0,-20.0,26.39,32.99,2025-07-22,1,0,0,2025-09-15 12:47,2025.0,30-40,2025+
Red Dead Redemption,7.0,7439.0,-40.0,23.99,39.99,2024-10-29,1,0,0,2025-09-15 12:47,2024.0,30-40,2020–2024
Split Fiction,8.0,16980.0,-10.0,35.99,39.99,2025-03-06,1,0,0,2025-09-15 12:47,2025.0,30-40,2025+
Tainted Grail: The Fall of Avalon,7.0,10925.0,-20.0,30.39,37.99,2025-05-23,1,0,0,2025-09-15 12:47,2025.0,30-40,2025+
Palworld,8.0,141270.0,-25.0,18.74,24.99,2024-01-18,1,0,0,2025-09-15 12:47,2024.0,0-30,2020–2024
Assassin's Creed® Odyssey,7.0,55381.0,-85.0,7.49,49.99,2018-10-05,1,0,0,2025-09-15 12:47,2018.0,40-50,2015–2019
It Takes Two,8.0,42263.0,-75.0,8.74,34.99,2021-03-25,1,0,0,2025-09-15 12:47,2021.0,30-40,2020–2024
Wartales,7.0,11914.0,-60.0,11.99,29.99,2023-04-12,1,0,0,2025-09-15 12:47,2023.0,0-30,2020–2024
SnowRunner,7.0,15629.0,-50.0,12.49,24.99,2021-05-17,1,0,1,2025-09-15 12:47,2021.0,0-30,2020–2024
RoadCraft,5.0,5183.0,-20.0,27.99,34.99,2025-05-20,1,0,0,2025-09-15 12:47,2025.0,30-40,2025+
theHunter: Call of the Wild™,7.0,56362.0,-75.0,4.18,16.75,2017-02-16,1,0,0,2025-09-15 12:47,2017.0,0-30,2015–2019
Tropico 6,7.0,9381.0,-62.0,12.04,31.82,2019-03-29,1,1,1,2025-09-15 12:47,2019.0,30-40,2015–2019
Squad,7.0,79690.0,-60.0,15.99,39.99,2020-09-23,1,0,0,2025-09-15 12:47,2020.0,30-40,2020–2024
Keep Digging,7.0,903.0,-10.0,3.86,4.29,2025-09-11,1,0,0,2025-09-15 12:47,2025.0,0-30,2025+
Assassin's Creed Valhalla,4.0,11575.0,-80.0,9.99,49.99,2022-12-06,1,0,0,2025-09-15 12:47,2022.0,40-50,2020–2024
Star Birds,8.0,622.0,-10.0,15.07,16.75,2025-09-10,1,0,0,2025-09-15 12:47,2025.0,0-30,2025+
Democracy 4,7.0,3737.0,-66.0,7.65,22.5,2022-01-13,1,0,0,2025-09-15 12:47,2022.0,0-30,2020–2024
STAR WARS Jedi: Fallen Order™,7.0,78337.0,-75.0,8.74,34.99,2019-11-14,1,0,0,2025-09-15 12:47,2019.0,30-40,2015–2019
Far Cry® 5,7.0,65876.0,-85.0,7.49,49.99,2018-03-26,1,0,0,2025-09-15 12:47,2018.0,40-50,2015–2019
Dead Space,7.0,26113.0,-80.0,9.99,49.99,2023-01-27,1,0,0,2025-09-15 12:47,2023.0,40-50,2020–2024
Crusader Kings III: Roads to Power,7.0,1965.0,-20.0,19.99,24.99,2024-09-24,1,1,1,2025-09-15 12:47,2024.0,0-30,2020–2024
Mass Effect™ Legendary Edition,7.0,36848.0,-90.0,4.99,49.99,2021-05-14,1,0,0,2025-09-15 12:47,2021.0,40-50,2020–2024
Car Mechanic Simulator 2021,8.0,14519.0,-74.0,5.45,20.99,2021-08-11,1,0,0,2025-09-15 12:47,2021.0,0-30,2020–2024
Coal LLC,7.0,112.0,-10.0,11.51,12.79,2025-09-11,1,0,1,2025-09-15 12:47,2025.0,0-30,2025+
Deep Rock Galactic,8.0,162558.0,-67.0,8.24,24.99,2020-05-13,1,0,0,2025-09-15 12:47,2020.0,0-30,2020–2024
Rune Factory: Guardians of Azuma,7.0,974.0,-20.0,39.99,49.99,2025-06-04,1,0,0,2025-09-15 12:47,2025.0,40-50,2025+
Kingdom Come: Deliverance,7.0,57063.0,-80.0,5.29,26.49,2018-02-13,1,0,0,2025-09-15 12:47,2018.0,0-30,2015–2019
Kingdom Come: Deliverance Royal Edition,7.0,134681.0,-80.0,6.99,34.99,2019-05-28,1,0,0,2025-09-15 12:47,2019.0,30-40,2015–2019
Teardown,8.0,66889.0,-50.0,12.99,25.99,2022-04-21,1,0,0,2025-09-15 12:47,2022.0,0-30,2020–2024
Watch Dogs®: Legion,4.0,4116.0,-90.0,4.99,49.99,2023-01-26,1,0,0,2025-09-15 12:47,2023.0,40-50,2020–2024
Dungeons of Eternity,7.0,207.0,-10.0,22.49,24.99,2025-09-11,1,0,0,2025-09-15 12:47,2025.0,0-30,2025+
Tiny Tina's Wonderlands,5.0,10773.0,-80.0,10.99,54.99,2022-06-23,1,0,0,2025-09-15 12:47,2022.0,50-60,2020–2024
Dead Cells,8.0,42036.0,-50.0,10.99,21.99,2018-08-06,1,1,1,2025-09-15 12:47,2018.0,0-30,2015–2019
Severed Steel,8.0,3646.0,-95.0,0.97,19.49,2021-09-17,1,0,0,2025-09-15 12:47,2021.0,0-30,2020–2024
Dying Light 2 Stay Human: Reloaded Edition,5.0,65181.0,-67.0,19.14,58.0,2022-02-03,1,0,0,2025-09-15 12:47,2022.0,50-60,2020–2024
Void Crew,7.0,4565.0,-25.0,16.49,21.99,2024-11-25,1,0,0,2025-09-15 12:47,2024.0,0-30,2020–2024
The Sims™ 2 Legacy Collection,4.0,2064.0,-25.0,18.74,24.99,2025-01-31,1,0,0,2025-09-15 12:47,2025.0,0-30,2025+
The Outer Worlds,7.0,16086.0,-75.0,6.24,24.99,2020-10-23,1,0,0,2025-09-15 12:47,2020.0,0-30,2020–2024
Totally Accurate Battle Simulator,8.0,77597.0,-66.0,5.43,15.99,2021-04-01,1,0,1,2025-09-15 12:47,2021.0,0-30,2020–2024
GTFO,7.0,24514.0,-62.0,13.29,34.99,2021-12-09,1,0,0,2025-09-15 12:47,2021.0,30-40,2020–2024
STAR WARS™ Battlefront™ II,7.0,45764.0,-80.0,6.99,34.99,2020-06-11,1,0,0,2025-09-15 12:47,2020.0,30-40,2020–2024
Suzerain,7.0,6282.0,-70.0,4.79,15.99,2020-12-04,1,0,1,2025-09-15 12:47,2020.0,0-30,2020–2024
Contraband Police,8.0,9247.0,-54.0,11.49,24.99,2023-03-08,1,0,0,2025-09-15 12:47,2023.0,0-30,2020–2024
Monster Train 2,8.0,3534.0,-20.0,16.79,20.99,2025-05-21,1,0,0,2025-09-15 12:47,2025.0,0-30,2025+
Guilty as Sock!,7.0,1726.0,-20.0,3.99,4.99,2025-05-29,1,0,1,2025-09-15 12:47,2025.0,0-30,2025+
Wylde Flowers,8.0,1479.0,-30.0,13.64,19.49,2022-09-20,1,0,0,2025-09-15 12:47,2022.0,0-30,2020–2024
Titanfall® 2,8.0,87477.0,-85.0,3.74,24.99,2020-06-18,1,0,0,2025-09-15 12:47,2020.0,0-30,2020–2024
A Way Out,7.0,21602.0,-80.0,4.99,24.99,2020-06-18,1,0,0,2025-09-15 12:47,2020.0,0-30,2020–2024
Crusader Kings III: Tours & Tournaments,5.0,1413.0,-30.0,17.49,24.99,2023-05-11,1,1,1,2025-09-15 12:47,2023.0,0-30,2020–2024
Aliens: Fireteam Elite,7.0,13622.0,-80.0,5.19,25.99,2021-08-23,1,0,0,2025-09-15 12:47,2021.0,0-30,2020–2024
For The King II,5.0,4641.0,-60.0,7.99,19.99,2023-11-02,1,0,0,2025-09-15 12:47,2023.0,0-30,2020–2024
Train Simulator Classic 2024,5.0,10361.0,-80.0,4.99,24.99,2015-09-17,1,0,0,2025-09-15 12:47,2015.0,0-30,2015–2019
Chained Together,7.0,18293.0,-20.0,3.43,4.29,2024-06-19,1,0,0,2025-09-15 12:47,2024.0,0-30,2020–2024
One Military Camp,5.0,615.0,-65.0,8.04,22.99,2023-07-20,1,0,0,2025-09-15 12:47,2023.0,0-30,2020–2024
Revenge of the Savage Planet,7.0,1522.0,-50.0,18.24,36.49,2025-05-08,1,0,0,2025-09-15 12:47,2025.0,30-40,2025+
Need for Speed™ Heat,7.0,46377.0,-92.0,4.79,59.99,2020-06-04,1,0,0,2025-09-15 12:47,2020.0,50-60,2020–2024
"Warhammer 40,000: Battlesector",7.0,2845.0,-70.0,10.53,35.1,2021-07-22,1,0,0,2025-09-15 12:47,2021.0,30-40,2020–2024
Cash Cleaner Simulator,7.0,2407.0,-20.0,10.23,12.79,2025-05-08,1,0,0,2025-09-15 12:47,2025.0,0-30,2025+
Escape the Backrooms,7.0,30699.0,-20.0,5.75,7.19,2022-08-11,1,0,0,2025-09-15 12:47,2022.0,0-30,2020–2024
Plants vs. Zombies™ Garden Warfare 2: Deluxe Edition,7.0,15844.0,-70.0,7.49,24.99,2022-05-16,1,0,0,2025-09-15 12:47,2022.0,0-30,2020–2024
SULFUR,7.0,2748.0,-44.0,15.02,26.99,2024-10-28,1,0,0,2025-09-15 12:47,2024.0,0-30,2020–2024
Ale & Tale Tavern,7.0,3195.0,-52.0,7.44,15.37,2024-09-05,1,0,0,2025-09-15 12:47,2024.0,0-30,2020–2024
Undertale,8.0,148335.0,-75.0,1.74,6.99,2015-09-15,1,1,1,2025-09-15 12:47,2015.0,0-30,2015–2019
Cozy Organizer,5.0,101.0,-40.0,4.01,6.69,2025-09-13,1,1,1,2025-09-15 12:47,2025.0,0-30,2025+
Conan Exiles,5.0,36624.0,-70.0,10.19,33.99,2018-05-08,1,0,0,2025-09-15 12:47,2018.0,30-40,2015–2019
Crime Scene Cleaner,8.0,11155.0,-24.0,15.71,20.72,2024-08-14,1,0,0,2025-09-15 12:47,2024.0,0-30,2020–2024
RoboCop: Rogue City,7.0,12277.0,-90.0,4.49,44.99,2023-11-02,1,0,0,2025-09-15 12:47,2023.0,40-50,2020–2024
House of Legacy,7.0,497.0,-15.0,10.87,12.79,2025-05-14,1,0,0,2025-09-15 12:47,2025.0,0-30,2025+
The Sims™ 4 Businesses & Hobbies Expansion Pack,5.0,82.0,-25.0,26.24,34.99,2025-03-06,1,0,0,2025-09-15 12:47,2025.0,30-40,2025+
ASKA,5.0,3758.0,-40.0,12.59,20.99,2024-06-20,1,0,0,2025-09-15 12:47,2024.0,0-30,2020–2024
DJMAX RESPECT V,7.0,3914.0,-80.0,6.59,32.99,2020-03-11,1,0,0,2025-09-15 12:47,2020.0,30-40,2020–2024
Plague Inc: Evolved,7.0,23526.0,-75.0,3.19,12.79,2016-02-18,1,1,1,2025-09-15 12:47,2016.0,0-30,2015–2019
Dying Light 2: Stay Human Digital Extras Edition,5.0,151044.0,-67.0,19.14,58.0,2024-09-27,1,0,0,2025-09-15 12:47,2024.0,50-60,2020–2024
Astral Throne,7.0,219.0,-50.0,8.37,16.75,2025-02-07,1,0,0,2025-09-15 12:47,2025.0,0-30,2025+
"Ship, Inc.",7.0,860.0,-40.0,5.1,8.5,2025-06-23,1,1,1,2025-09-15 12:47,2025.0,0-30,2025+
Crusader Kings III: Royal Court,4.0,2049.0,-50.0,12.49,24.99,2022-02-08,1,1,1,2025-09-15 12:47,2022.0,0-30,2020–2024
Insurgency: Sandstorm,7.0,57847.0,-70.0,7.49,24.99,2018-12-12,1,0,0,2025-09-15 12:47,2018.0,0-30,2015–2019
The Trolley Solution,7.0,140.0,-35.0,5.2,8.0,2025-09-12,1,0,0,2025-09-15 12:47,2025.0,0-30,2025+
Animal Shelter 2,5.0,424.0,-36.0,14.81,23.2,2025-07-23,1,0,0,2025-09-15 12:47,2025.0,0-30,2025+
Road To Empress,7.0,2766.0,-20.0,4.95,6.19,2025-09-08,1,0,0,2025-09-15 12:47,2025.0,0-30,2025+
Destiny 2: The Final Shape,5.0,4337.0,-60.0,9.99,24.99,2024-06-04,1,0,0,2025-09-15 12:47,2024.0,0-30,2020–2024
Dragon Age™: The Veilguard,4.0,27543.0,-55.0,22.49,49.99,2024-10-31,1,0,0,2025-09-15 12:47,2024.0,40-50,2020–2024
Dead Reset,7.0,139.0,-10.0,11.51,12.79,2025-09-11,1,0,1,2025-09-15 12:47,2025.0,0-30,2025+
Gunfire Reborn,8.0,35265.0,-35.0,10.06,15.49,2021-11-17,1,0,0,2025-09-15 12:47,2021.0,0-30,2020–2024
The Crew Motorfest,5.0,4572.0,-70.0,25.49,84.99,2024-04-18,1,0,0,2025-09-15 12:47,2024.0,60+,2020–2024
Le Mans Ultimate - 2024 Pack 3,6.0,31.0,-25.0,10.49,13.99,2024-12-10,1,0,0,2025-09-15 12:47,2024.0,0-30,2020–2024
Kerbal Space Program,8.0,72894.0,-75.0,7.49,29.99,2015-04-27,1,1,1,2025-09-15 12:47,2015.0,0-30,2015–2019
Tchia,7.0,394.0,-75.0,6.24,24.99,2024-03-21,1,0,0,2025-09-15 12:47,2024.0,0-30,2020–2024
Tower Dominion,7.0,1650.0,-25.0,11.24,14.99,2025-05-07,1,0,0,2025-09-15 12:47,2025.0,0-30,2025+
Rain World,8.0,25359.0,-55.0,9.44,20.99,2017-03-28,1,0,0,2025-09-15 12:47,2017.0,0-30,2015–2019
Surviving Mars,7.0,9903.0,-67.0,8.24,24.99,2018-03-15,1,1,1,2025-09-15 12:47,2018.0,0-30,2015–2019
Unity of Command II,7.0,1805.0,-85.0,3.74,24.99,2019-11-12,1,0,1,2025-09-15 12:47,2019.0,0-30,2015–2019
XCOM® 2,7.0,42680.0,-95.0,1.74,34.99,2016-02-04,1,1,1,2025-09-15 12:47,2016.0,30-40,2015–2019
The Outer Worlds: Spacer's Choice Edition,5.0,1855.0,-75.0,12.49,49.99,2023-03-07,1,0,0,2025-09-15 12:47,2023.0,40-50,2020–2024
The Sims™ 4 Cats & Dogs,4.0,581.0,-50.0,17.49,34.99,2020-06-18,1,0,0,2025-09-15 12:47,2020.0,30-40,2020–2024
Chrono Gear: Warden of Time,7.0,156.0,-20.0,11.99,14.99,2025-09-11,1,1,0,2025-09-15 12:47,2025.0,0-30,2025+
Travellers Rest,7.0,6919.0,-25.0,11.24,14.99,2020-07-28,1,0,0,2025-09-15 12:47,2020.0,0-30,2020–2024
Overlooting,7.0,662.0,-10.0,8.09,8.99,2025-09-01,1,0,0,2025-09-15 12:47,2025.0,0-30,2025+
Kao the Kangaroo,5.0,691.0,-79.0,1.79,8.67,2022-05-27,1,0,0,2025-09-15 12:47,2022.0,0-30,2020–2024
"Yes, Your Grace",7.0,4653.0,-85.0,2.32,15.49,2020-03-06,1,0,1,2025-09-15 12:47,2020.0,0-30,2020–2024
Harold Halibut,7.0,913.0,-50.0,14.75,29.5,2024-04-16,1,0,0,2025-09-15 12:47,2024.0,0-30,2020–2024
Aliens: Dark Descent,7.0,8533.0,-60.0,13.99,34.99,2023-06-19,1,0,0,2025-09-15 12:47,2023.0,30-40,2020–2024
Prison Escape Simulator: Dig Out,7.0,1443.0,-20.0,3.99,4.99,2025-07-25,1,0,1,2025-09-15 12:47,2025.0,0-30,2025+
The Sims™ 4 Life & Death Expansion Pack,5.0,100.0,-38.0,21.69,34.99,2024-10-31,1,0,0,2025-09-15 12:47,2024.0,30-40,2020–2024
The Sims™ 4 Cottage Living Expansion Pack,5.0,278.0,-50.0,17.49,34.99,2021-07-22,1,0,0,2025-09-15 12:47,2021.0,30-40,2020–2024
"Yes, Your Grace 2: Snowfall",5.0,937.0,-10.0,18.89,20.99,2025-05-08,1,0,1,2025-09-15 12:47,2025.0,0-30,2025+
BlazBlue Entropy Effect,7.0,4005.0,-35.0,10.88,16.75,2024-02-14,1,0,1,2025-09-15 12:47,2024.0,0-30,2020–2024
The Sims™ 4 Seasons,4.0,519.0,-50.0,17.49,34.99,2020-06-18,1,0,0,2025-09-15 12:47,2020.0,30-40,2020–2024
The Sims™ 4 Lovestruck Expansion Pack,4.0,97.0,-50.0,17.49,34.99,2024-07-25,1,0,0,2025-09-15 12:47,2024.0,30-40,2020–2024
DiRT Rally 2.0,7.0,17473.0,-30.0,12.59,17.99,2019-02-25,1,0,0,2025-09-15 12:47,2019.0,0-30,2015–2019
Terminus: Zombie Survivors,7.0,1623.0,-30.0,11.19,15.99,2024-08-19,1,0,1,2025-09-15 12:47,2024.0,0-30,2020–2024
The Sims™ Legacy Collection,4.0,1638.0,-25.0,13.49,17.99,2025-01-31,1,0,0,2025-09-15 12:47,2025.0,0-30,2025+
My Time at Sandrock,7.0,8640.0,-50.0,17.49,34.99,2023-11-02,1,0,0,2025-09-15 12:47,2023.0,30-40,2020–2024
Dorfromantik,8.0,14915.0,-60.0,4.39,10.99,2022-04-28,1,0,0,2025-09-15 12:47,2022.0,0-30,2020–2024
ANIMAL WELL,8.0,11927.0,-25.0,15.74,20.99,2024-05-09,1,0,0,2025-09-15 12:47,2024.0,0-30,2020–2024
The Sims™ 4 Get Famous,4.0,170.0,-50.0,17.49,34.99,2020-06-18,1,0,0,2025-09-15 12:47,2020.0,30-40,2020–2024
Need for Speed™ Unbound,4.0,18325.0,-88.0,7.19,59.99,2022-12-01,1,0,0,2025-09-15 12:47,2022.0,50-60,2020–2024
Jotunnslayer: Hordes of Hel,7.0,1981.0,-20.0,10.39,12.99,2025-09-03,1,0,0,2025-09-15 12:47,2025.0,0-30,2025+
Roboquest,8.0,12670.0,-50.0,9.99,19.99,2023-11-07,1,0,0,2025-09-15 12:47,2023.0,0-30,2020–2024
A Plague Tale: Requiem,7.0,6542.0,-65.0,15.74,44.99,2022-10-17,1,0,0,2025-09-15 12:47,2022.0,40-50,2020–2024
LOLLIPOP CHAINSAW RePOP,7.0,1475.0,-45.0,20.89,37.99,2024-09-11,1,0,0,2025-09-15 12:47,2024.0,30-40,2020–2024
Wrap House Simulator🌯,7.0,1191.0,-68.0,6.85,21.39,2025-05-29,1,0,0,2025-09-15 12:47,2025.0,0-30,2025+
Songs of Conquest,7.0,5431.0,-70.0,8.09,26.99,2024-05-20,1,0,1,2025-09-15 12:47,2024.0,0-30,2020–2024
Le Mans Ultimate - 2024 Pack 5,5.0,30.0,-25.0,7.49,9.99,2025-06-10,1,0,0,2025-09-15 12:47,2025.0,0-30,2025+
Trash Goblin,7.0,819.0,-20.0,13.4,16.75,2025-05-28,1,0,0,2025-09-15 12:47,2025.0,0-30,2025+
DayZ Frostline,5.0,1093.0,-33.0,15.4,22.99,2024-10-15,1,0,0,2025-09-15 12:47,2024.0,0-30,2020–2024
Arma 3 Apex,7.0,1249.0,-67.0,5.93,17.99,2016-07-11,1,0,1,2025-09-15 12:47,2016.0,0-30,2015–2019
The Sims™ 4 City Living,4.0,274.0,-50.0,17.49,34.99,2020-06-18,1,0,0,2025-09-15 12:47,2020.0,30-40,2020–2024
Crusader Kings III: Legends of the Dead,3.0,1609.0,-30.0,11.72,16.75,2024-03-04,1,1,1,2025-09-15 12:47,2024.0,0-30,2020–2024
Keep on Mining!,7.0,1491.0,-20.0,3.43,4.29,2025-07-30,1,0,0,2025-09-15 12:47,2025.0,0-30,2025+
Shadows of Doubt,7.0,9920.0,-50.0,9.99,19.99,2024-09-26,1,0,0,2025-09-15 12:47,2024.0,0-30,2020–2024
Descenders,8.0,9619.0,-75.0,4.87,19.49,2019-05-07,1,1,1,2025-09-15 12:47,2019.0,0-30,2015–2019
Infection Free Zone,7.0,5687.0,-20.0,15.99,19.99,2024-04-11,1,0,0,2025-09-15 12:47,2024.0,0-30,2020–2024
Sifu,7.0,6648.0,-60.0,12.79,31.99,2023-03-28,1,0,0,2025-09-15 12:47,2023.0,30-40,2020–2024
Dragon Age™ Inquisition,5.0,10193.0,-75.0,8.74,34.99,2020-06-04,1,0,0,2025-09-15 12:47,2020.0,30-40,2020–2024
Starship Troopers: Terran Command,7.0,5377.0,-45.0,13.74,24.99,2022-06-16,1,0,0,2025-09-15 12:47,2022.0,0-30,2020–2024
Pathfinder: Wrath of the Righteous - Enhanced Edition,7.0,16911.0,-65.0,15.04,42.99,2021-09-02,1,0,1,2025-09-15 12:47,2021.0,40-50,2020–2024
Great Houses of Calderia,4.0,347.0,-90.0,2.09,20.99,2024-05-02,1,0,0,2025-09-15 12:47,2024.0,0-30,2020–2024
The Sims™ 4 Horse Ranch Expansion Pack,4.0,270.0,-50.0,17.49,34.99,2023-07-20,1,0,0,2025-09-15 12:47,2023.0,30-40,2020–2024
Taxi Life: A City Driving Simulator,4.0,1107.0,-55.0,11.24,24.99,2024-03-07,1,0,0,2025-09-15 12:47,2024.0,0-30,2020–2024
Trainatic,7.0,301.0,-20.0,3.99,4.99,2025-09-08,1,0,0,2025-09-15 12:47,2025.0,0-30,2025+
Le Mans Ultimate - 2024 Pack 1,6.0,47.0,-25.0,7.49,9.99,2024-07-23,1,0,0,2025-09-15 12:47,2024.0,0-30,2020–2024
POSTAL: Brain Damaged,8.0,4592.0,-75.0,4.18,16.75,2022-06-09,1,0,0,2025-09-15 12:47,2022.0,0-30,2020–2024
For The King II: Tinkerers Of Fate Character Pack,6.0,31.0,-10.0,5.84,6.49,2025-09-11,1,0,0,2025-09-15 12:47,2025.0,0-30,2025+
Root,7.0,2756.0,-50.0,5.69,11.39,2020-09-24,1,0,1,2025-09-15 12:47,2020.0,0-30,2020–2024
Rebel Inc: Escalation,7.0,2327.0,-70.0,3.83,12.79,2021-10-13,1,0,1,2025-09-15 12:47,2021.0,0-30,2020–2024
The Sims™ 4 Get To Work,4.0,264.0,-50.0,17.49,34.99,2020-06-18,1,0,0,2025-09-15 12:47,2020.0,30-40,2020–2024
Strange Horticulture,8.0,8598.0,-60.0,5.39,13.49,2022-01-21,1,0,1,2025-09-15 12:47,2022.0,0-30,2020–2024
Suzerain: Kingdom of Rizia,7.0,745.0,-20.0,9.59,11.99,2024-03-25,1,0,1,2025-09-15 12:47,2024.0,0-30,2020–2024
Star Trucker,5.0,2792.0,-50.0,10.49,20.99,2024-09-03,1,0,0,2025-09-15 12:47,2024.0,0-30,2020–2024
Le Mans Ultimate - 2024 Pack 2,6.0,17.0,-25.0,7.49,9.99,2024-09-24,1,0,0,2025-09-15 12:47,2024.0,0-30,2020–2024
Chants of Sennaar,8.0,10386.0,-40.0,10.79,17.99,2023-09-05,1,0,0,2025-09-15 12:47,2023.0,0-30,2020–2024
"Hold Me Tight All Night, Onii-chan!",7.0,81.0,-20.0,13.4,16.75,2025-09-12,1,0,0,2025-09-15 12:47,2025.0,0-30,2025+
FUMES,8.0,1080.0,-20.0,9.59,11.99,2025-07-28,1,0,0,2025-09-15 12:47,2025.0,0-30,2025+
Operation: Polygon Storm,5.0,189.0,-60.0,5.11,12.79,2024-08-12,1,0,0,2025-09-15 12:47,2024.0,0-30,2020–2024
Arma 3 Contact,4.0,1674.0,-67.0,7.25,21.99,2019-07-25,1,0,1,2025-09-15 12:47,2019.0,0-30,2015–2019
Arma 3 Creator DLC: S.O.G. Prairie Fire,7.0,1501.0,-50.0,9.99,19.99,2021-05-06,1,0,1,2025-09-15 12:47,2021.0,0-30,2020–2024
Alone in the Dark,5.0,1197.0,-60.0,13.99,34.99,2024-03-20,1,0,0,2025-09-15 12:47,2024.0,30-40,2020–2024
Battle Brothers,7.0,13477.0,-50.0,12.49,24.99,2017-03-24,1,0,0,2025-09-15 12:47,2017.0,0-30,2015–2019
Wartales - Expansion: The Skelmar Invasion,5.0,179.0,-20.0,13.59,16.99,2024-12-10,1,0,0,2025-09-15 12:47,2024.0,0-30,2020–2024
Ravenswatch,7.0,6527.0,-50.0,10.49,20.99,2024-09-26,1,0,0,2025-09-15 12:47,2024.0,0-30,2020–2024
Need for Speed™ Most Wanted,5.0,7337.0,-75.0,4.49,17.99,2020-06-18,1,0,0,2025-09-15 12:47,2020.0,0-30,2020–2024
Beholder: Conductor,7.0,275.0,-40.0,7.07,11.79,2025-04-23,1,0,1,2025-09-15 12:47,2025.0,0-30,2025+
MySims™: Cozy Bundle,7.0,183.0,-38.0,21.69,34.99,2025-03-18,1,0,0,2025-09-15 12:47,2025.0,30-40,2025+
The Political Process,8.0,1967.0,-25.0,8.54,11.39,2019-11-22,1,0,0,2025-09-15 12:47,2019.0,0-30,2015–2019
Lost But Found,5.0,1717.0,-40.0,3.53,5.89,2024-11-25,1,1,1,2025-09-15 12:47,2024.0,0-30,2020–2024
Reus 2,8.0,1886.0,-50.0,12.58,25.18,2024-05-28,1,0,0,2025-09-15 12:47,2024.0,0-30,2020–2024
Dungeons 4,7.0,1069.0,-35.0,29.89,45.99,2023-11-09,1,0,0,2025-09-15 12:47,2023.0,40-50,2020–2024
The Sims™ 4 High School Years Expansion Pack,4.0,317.0,-50.0,17.49,34.99,2022-07-28,1,0,0,2025-09-15 12:47,2022.0,30-40,2020–2024
Banishers: Ghosts of New Eden,7.0,2403.0,-60.0,17.99,44.99,2024-02-12,1,0,0,2025-09-15 12:47,2024.0,40-50,2020–2024
Beholder 2,7.0,977.0,-85.0,2.24,14.99,2018-12-04,1,1,1,2025-09-15 12:47,2018.0,0-30,2015–2019
Ground of Aces,7.0,597.0,-20.0,15.99,19.99,2025-07-10,1,0,1,2025-09-15 12:47,2025.0,0-30,2025+
Beholder,7.0,2901.0,-90.0,1.17,11.79,2016-11-09,1,1,1,2025-09-15 12:47,2016.0,0-30,2015–2019
The Sims™ 4 Island Living,4.0,154.0,-50.0,17.49,34.99,2020-06-18,1,0,0,2025-09-15 12:47,2020.0,30-40,2020–2024
Let's Build a Zoo,7.0,2008.0,-65.0,5.42,15.49,2021-11-05,1,0,0,2025-09-15 12:47,2021.0,0-30,2020–2024
Evil West,5.0,4237.0,-75.0,11.24,44.99,2022-11-21,1,0,0,2025-09-15 12:47,2022.0,40-50,2020–2024
EA SPORTS™ PGA TOUR™,4.0,1858.0,-90.0,5.99,59.99,2023-04-06,1,0,0,2025-09-15 12:47,2023.0,50-60,2020–2024
Dead Take,7.0,500.0,-20.0,9.59,11.99,2025-07-31,1,0,0,2025-09-15 12:47,2025.0,0-30,2025+
Planet of Lana,7.0,2732.0,-75.0,5.08,20.38,2023-05-23,1,0,0,2025-09-15 12:47,2023.0,0-30,2020–2024
MySims™,7.0,121.0,-38.0,21.69,34.99,2025-03-18,1,0,0,2025-09-15 12:47,2025.0,30-40,2025+
GONE Fishing,7.0,677.0,-25.0,7.49,9.99,2025-06-15,1,0,0,2025-09-15 12:47,2025.0,0-30,2025+
Murders on the Yangtze River,8.0,782.0,-35.0,8.31,12.79,2024-01-30,1,0,1,2025-09-15 12:47,2024.0,0-30,2020–2024
ROUNDS,8.0,22950.0,-50.0,2.39,4.79,2021-04-01,1,0,0,2025-09-15 12:47,2021.0,0-30,2020–2024
Dome Keeper,7.0,9155.0,-60.0,5.99,14.99,2022-09-27,1,1,1,2025-09-15 12:47,2022.0,0-30,2020–2024
STORROR Parkour Pro,4.0,1006.0,-20.0,19.99,24.99,2025-03-31,1,0,0,2025-09-15 12:47,2025.0,0-30,2025+
Doki Doki Literature Club Plus!,8.0,9536.0,-33.0,10.04,14.99,2021-06-30,1,0,1,2025-09-15 12:47,2021.0,0-30,2020–2024
Heavy Rain,7.0,4768.0,-80.0,3.39,16.99,2020-06-18,1,0,0,2025-09-15 12:47,2020.0,0-30,2020–2024
Fruitbus,7.0,762.0,-40.0,12.59,20.99,2024-10-28,1,0,0,2025-09-15 12:47,2024.0,0-30,2020–2024
Crusader Kings III: Legacy of Persia,4.0,587.0,-50.0,5.49,10.99,2023-11-09,1,1,1,2025-09-15 12:47,2023.0,0-30,2020–2024
THE GAME OF LIFE 2,5.0,2073.0,-70.0,3.14,10.49,2020-12-11,1,0,0,2025-09-15 12:47,2020.0,0-30,2020–2024
The Sims™ 4 Snowy Escape Expansion Pack,4.0,115.0,-50.0,17.49,34.99,2020-11-13,1,0,0,2025-09-15 12:47,2020.0,30-40,2020–2024
Dune: Imperium,8.0,1901.0,-20.0,15.45,19.32,2024-03-13,1,0,1,2025-09-15 12:47,2024.0,0-30,2020–2024
Le Mans Ultimate - 2024 Pack 4,5.0,27.0,-25.0,4.49,5.99,2025-02-25,1,0,0,2025-09-15 12:47,2025.0,0-30,2025+
Democracy 4 - Country Pack,3.0,25.0,-66.0,2.89,8.5,2022-10-10,1,0,0,2025-09-15 12:47,2022.0,0-30,2020–2024
The Sims™ 4 Eco Lifestyle,4.0,106.0,-50.0,17.49,34.99,2020-06-18,1,0,0,2025-09-15 12:47,2020.0,30-40,2020–2024
A Plague Tale: Innocence,7.0,20129.0,-80.0,6.99,34.99,2019-05-14,1,0,0,2025-09-15 12:47,2019.0,30-40,2015–2019
Little Problems: A Cozy Detective Game,7.0,63.0,-10.0,8.99,9.99,2025-09-09,1,0,0,2025-09-15 12:47,2025.0,0-30,2025+
Democracy 4 - Event Pack,4.0,12.0,-66.0,2.0,5.89,2023-03-27,1,0,0,2025-09-15 12:47,2023.0,0-30,2020–2024
Mage and Monsters II,7.0,111.0,-20.0,5.99,7.49,2025-09-08,1,0,0,2025-09-15 12:47,2025.0,0-30,2025+
Ancestors: The Humankind Odyssey,7.0,4967.0,-80.0,6.59,32.99,2020-08-27,1,0,0,2025-09-15 12:47,2020.0,30-40,2020–2024
KAISERPUNK,5.0,566.0,-35.0,16.24,24.99,2025-03-21,1,0,0,2025-09-15 12:47,2025.0,0-30,2025+
Laika: Aged Through Blood,7.0,2718.0,-80.0,5.91,28.88,2023-10-19,1,0,0,2025-09-15 12:47,2023.0,0-30,2020–2024
Dead Cells: Return to Castlevania,7.0,839.0,-30.0,5.95,8.5,2023-03-06,1,1,1,2025-09-15 12:47,2023.0,0-30,2020–2024
 Knights of the Crusades,7.0,91.0,-20.0,12.39,15.49,2025-09-06,1,0,0,2025-09-15 12:47,2025.0,0-30,2025+
The Sims™ 4 Vampires,4.0,286.0,-30.0,12.59,17.99,2020-06-18,1,0,0,2025-09-15 12:47,2020.0,0-30,2020–2024
Vampyr,5.0,8231.0,-80.0,6.99,34.99,2018-06-04,1,0,0,2025-09-15 12:47,2018.0,30-40,2015–2019
Crusader Kings III: Northern Lords,4.0,1080.0,-50.0,5.49,10.99,2021-03-16,1,1,1,2025-09-15 12:47,2021.0,0-30,2020–2024
Lawgivers II,5.0,413.0,-28.0,17.4,24.28,2023-08-18,1,1,1,2025-09-15 12:47,2023.0,0-30,2020–2024
DEVOUR,7.0,19935.0,-25.0,6.37,8.5,2021-01-28,1,0,1,2025-09-15 12:47,2021.0,0-30,2020–2024
War for the Overworld,7.0,3967.0,-80.0,4.99,24.99,2015-04-02,1,1,1,2025-09-15 12:47,2015.0,0-30,2015–2019
The Sims™ 4 Growing Together Expansion Pack,4.0,126.0,-50.0,17.49,34.99,2023-03-16,1,0,0,2025-09-15 12:47,2023.0,30-40,2020–2024
My Time at Portia,7.0,11906.0,-80.0,4.99,24.99,2019-01-15,1,0,1,2025-09-15 12:47,2019.0,0-30,2015–2019
Metro Awakening,5.0,1462.0,-44.0,24.63,43.99,2024-11-07,1,0,0,2025-09-15 12:47,2024.0,40-50,2020–2024
MAVRIX by Matt Jones,5.0,460.0,-20.0,23.96,29.95,2025-07-24,1,0,0,2025-09-15 12:47,2025.0,0-30,2025+
Eden Crafters,7.0,1602.0,-40.0,10.05,16.75,2024-10-16,1,0,0,2025-09-15 12:47,2024.0,0-30,2020–2024
Ticket to Ride®,4.0,717.0,-60.0,4.99,12.49,2023-11-14,1,0,1,2025-09-15 12:47,2023.0,0-30,2020–2024
WILD HEARTS™,4.0,3856.0,-90.0,5.99,59.99,2023-02-16,1,0,0,2025-09-15 12:47,2023.0,50-60,2020–2024
MudRunner,7.0,10084.0,-80.0,3.59,17.99,2017-10-30,1,0,0,2025-09-15 12:47,2017.0,0-30,2015–2019
Crusader Kings III: Wandering Nobles,4.0,320.0,-20.0,3.43,4.29,2024-11-04,1,1,1,2025-09-15 12:47,2024.0,0-30,2020–2024
Generation Zero®,5.0,17678.0,-70.0,6.44,21.49,2019-03-26,1,0,0,2025-09-15 12:47,2019.0,0-30,2015–2019
The Sims™ 4 Discover University,4.0,182.0,-50.0,17.49,34.99,2020-06-18,1,0,0,2025-09-15 12:47,2020.0,30-40,2020–2024
Beyond: Two Souls,7.0,6587.0,-80.0,3.39,16.99,2020-06-18,1,0,0,2025-09-15 12:47,2020.0,0-30,2020–2024
UBOAT,7.0,10491.0,-70.0,7.49,24.99,2024-08-02,1,0,0,2025-09-15 12:47,2024.0,0-30,2020–2024
Thief Simulator 2,7.0,2113.0,-57.0,7.2,16.75,2023-10-04,1,0,0,2025-09-15 12:47,2023.0,0-30,2020–2024
Unravel Two,5.0,2341.0,-75.0,4.49,17.99,2020-06-04,1,0,0,2025-09-15 12:47,2020.0,0-30,2020–2024
Need for Speed™ Payback,7.0,6934.0,-74.0,6.49,24.99,2020-06-18,1,0,0,2025-09-15 12:47,2020.0,0-30,2020–2024
Ship Graveyard Simulator 2,5.0,1644.0,-64.0,11.0,30.4,2023-08-16,1,0,0,2025-09-15 12:47,2023.0,30-40,2020–2024
Thief Simulator,7.0,10670.0,-90.0,1.67,16.75,2018-11-09,1,0,1,2025-09-15 12:47,2018.0,0-30,2015–2019
Wartales - Expansion: Pirates of Belerion,5.0,354.0,-25.0,12.74,16.99,2023-12-14,1,0,0,2025-09-15 12:47,2023.0,0-30,2020–2024
Wartales - Contract: The Tavern Opens!,5.0,294.0,-25.0,8.24,10.99,2024-04-18,1,0,0,2025-09-15 12:47,2024.0,0-30,2020–2024
Aloft,7.0,1445.0,-20.0,16.79,20.99,2025-01-15,1,0,0,2025-09-15 12:47,2025.0,0-30,2025+
Ultimate General: Civil War,7.0,5351.0,-75.0,6.24,24.99,2017-07-14,1,0,1,2025-09-15 12:47,2017.0,0-30,2015–2019
Caravan SandWitch,7.0,1964.0,-50.0,10.99,21.99,2024-09-12,1,0,0,2025-09-15 12:47,2024.0,0-30,2020–2024
We. The Revolution,5.0,1656.0,-68.0,5.36,16.75,2019-03-21,1,1,1,2025-09-15 12:47,2019.0,0-30,2015–2019
Terminus: Zombie Survivors - Last Escape,5.0,84.0,-10.0,8.09,8.99,2025-09-11,1,0,1,2025-09-15 12:47,2025.0,0-30,2025+
Kingdom Come: Deliverance II The Lion’s Crest,5.0,186.0,-25.0,2.99,3.99,2025-03-28,1,0,0,2025-09-15 12:47,2025.0,0-30,2025+
Plutocracy,5.0,1230.0,-25.0,14.99,19.99,2019-11-21,1,1,1,2025-09-15 12:47,2019.0,0-30,2015–2019
The Sims™ 4 Get Together,5.0,128.0,-50.0,17.49,34.99,2020-06-18,1,0,0,2025-09-15 12:47,2020.0,30-40,2020–2024
Gloomy Eyes,6.0,23.0,-36.0,17.72,27.89,2025-09-12,1,0,0,2025-09-15 12:47,2025.0,0-30,2025+
Gladiator Guild Manager,7.0,1467.0,-81.0,3.77,19.82,2024-06-22,1,0,1,2025-09-15 12:47,2024.0,0-30,2020–2024
Besiege,8.0,22393.0,-75.0,3.19,12.79,2020-02-18,1,1,1,2025-09-15 12:47,2020.0,0-30,2020–2024
Headliner: NoviNews,7.0,726.0,-50.0,5.89,11.79,2018-10-23,1,0,1,2025-09-15 12:47,2018.0,0-30,2015–2019
Crusader Kings III: Fate of Iberia,4.0,811.0,-50.0,5.49,10.99,2022-05-31,1,1,1,2025-09-15 12:47,2022.0,0-30,2020–2024
Rally Arcade Classics,5.0,67.0,-50.0,8.37,16.75,2024-09-23,1,1,0,2025-09-15 12:47,2024.0,0-30,2020–2024
DJMAX RESPECT V - Arcaea PACK,7.0,234.0,-10.0,13.05,14.5,2025-09-10,1,0,0,2025-09-15 12:47,2025.0,0-30,2025+
Immortals of Aveum™,5.0,1500.0,-90.0,4.99,49.99,2023-08-21,1,0,0,2025-09-15 12:47,2023.0,40-50,2020–2024
"Warhammer 40,000: Space Marine 2 - Dark Angels Chapter Pack",4.0,367.0,-20.0,7.19,8.99,2024-12-10,1,0,0,2025-09-15 12:47,2024.0,0-30,2020–2024
Battlefleet Gothic: Armada 2,5.0,5458.0,-80.0,3.59,17.99,2019-01-24,1,0,0,2025-09-15 12:47,2019.0,0-30,2015–2019
STAR WARS™: Squadrons,4.0,18577.0,-85.0,5.24,34.99,2020-10-01,1,0,0,2025-09-15 12:47,2020.0,30-40,2020–2024
Darkwood,7.0,9289.0,-75.0,3.19,12.79,2017-08-17,1,1,1,2025-09-15 12:47,2017.0,0-30,2015–2019
Roots of Pacha,8.0,2240.0,-40.0,13.19,21.99,2023-04-25,1,1,1,2025-09-15 12:47,2023.0,0-30,2020–2024
Saloon Simulator,7.0,505.0,-20.0,12.71,15.89,2025-07-15,1,0,0,2025-09-15 12:47,2025.0,0-30,2025+
Democracy 4 - Voting Systems,4.0,30.0,-66.0,1.45,4.29,2022-05-31,1,0,0,2025-09-15 12:47,2022.0,0-30,2020–2024
Another Brick in The Mall,7.0,1187.0,-75.0,3.57,14.29,2020-04-30,1,0,0,2025-09-15 12:47,2020.0,0-30,2020–2024
The Witness,7.0,8318.0,-75.0,7.49,29.99,2016-01-26,1,0,1,2025-09-15 12:47,2016.0,0-30,2015–2019
Supercar Collection Simulator,7.0,1014.0,-20.0,8.79,10.99,2025-09-08,1,0,0,2025-09-15 12:47,2025.0,0-30,2025+
HOT WHEELS UNLEASHED™,5.0,2890.0,-85.0,5.24,34.99,2021-09-30,1,0,0,2025-09-15 12:47,2021.0,30-40,2020–2024
The Sims™ 4 For Rent Expansion Pack,3.0,239.0,-50.0,17.49,34.99,2023-12-07,1,0,0,2025-09-15 12:47,2023.0,30-40,2020–2024
Noctuary,8.0,1808.0,-40.0,14.99,24.99,2023-11-28,1,0,0,2025-09-15 12:47,2023.0,0-30,2020–2024
Steelrising,5.0,1441.0,-85.0,5.24,34.99,2022-09-08,1,0,0,2025-09-15 12:47,2022.0,30-40,2020–2024
Winter Memories,7.0,496.0,-50.0,7.74,15.49,2024-01-05,1,0,0,2025-09-15 12:47,2024.0,0-30,2020–2024
Arma 3 Creator DLC: Spearhead 1944,4.0,803.0,-30.0,10.49,14.99,2023-07-25,1,0,1,2025-09-15 12:47,2023.0,0-30,2020–2024
Dragon Age II: Ultimate Edition,7.0,3726.0,-75.0,6.24,24.99,2020-06-04,1,0,0,2025-09-15 12:47,2020.0,0-30,2020–2024
The Trolley $olution,6.0,11.0,-35.0,5.2,8.0,2025-09-12,1,0,0,2025-09-15 12:47,2025.0,0-30,2025+
Stick Fight: The Game,7.0,51953.0,-60.0,1.59,3.99,2017-09-28,1,0,1,2025-09-15 12:47,2017.0,0-30,2015–2019
Railway Empire,7.0,3683.0,-80.0,5.39,26.99,2018-01-26,1,1,0,2025-09-15 12:47,2018.0,0-30,2015–2019
Need for Speed™ Hot Pursuit Remastered,5.0,4808.0,-80.0,4.99,24.99,2020-11-06,1,0,0,2025-09-15 12:47,2020.0,0-30,2020–2024
Severed Steel Soundtrack,6.0,40.0,-90.0,0.71,7.19,2021-09-17,0,0,0,2025-09-15 12:47,2021.0,0-30,2020–2024
Of Lies and Rain,6.0,31.0,-20.0,26.8,33.5,2025-09-10,1,0,0,2025-09-15 12:47,2025.0,30-40,2025+
Heads Will Roll: Reforged,7.0,1188.0,-75.0,6.24,24.99,2023-10-04,1,1,1,2025-09-15 12:47,2023.0,0-30,2020–2024
Arma 3 Tanks,7.0,394.0,-67.0,2.47,7.49,2018-04-11,1,0,1,2025-09-15 12:47,2018.0,0-30,2015–2019
Dead Island Definitive Edition,7.0,8724.0,-85.0,2.66,17.79,2016-05-31,1,1,0,2025-09-15 12:47,2016.0,0-30,2015–2019
Beam Eye Tracker,7.0,473.0,-20.0,19.99,24.99,2023-08-02,1,0,0,2025-09-15 12:47,2023.0,0-30,2020–2024
The Tenants,5.0,3526.0,-90.0,1.44,14.45,2022-10-20,1,0,0,2025-09-15 12:47,2022.0,0-30,2020–2024
Railway Empire 2,5.0,1652.0,-45.0,25.29,45.99,2023-05-25,1,0,0,2025-09-15 12:47,2023.0,40-50,2020–2024
GRID Legends,5.0,1151.0,-70.0,14.99,49.99,2022-02-24,1,0,0,2025-09-15 12:47,2022.0,40-50,2020–2024
Demonic Mahjong,8.0,1779.0,-10.0,12.86,14.29,2025-07-15,1,0,1,2025-09-15 12:47,2025.0,0-30,2025+
Clue/Cluedo,7.0,330.0,-70.0,3.74,12.49,2023-08-23,1,0,0,2025-09-15 12:47,2023.0,0-30,2020–2024
Lake,7.0,2194.0,-55.0,7.19,15.99,2021-09-01,1,0,0,2025-09-15 12:47,2021.0,0-30,2020–2024
Arma 3 Laws of War,7.0,974.0,-67.0,2.47,7.49,2017-09-07,1,0,1,2025-09-15 12:47,2017.0,0-30,2015–2019
POSTAL: Brain Damaged - These Sunny Daze,5.0,217.0,-10.0,5.3,5.89,2025-09-09,1,0,0,2025-09-15 12:47,2025.0,0-30,2025+
Uncle Chop's Rocket Shop,7.0,848.0,-35.0,10.88,16.75,2024-12-05,1,0,0,2025-09-15 12:47,2024.0,0-30,2020–2024
Make Way,7.0,1120.0,-60.0,5.19,12.99,2023-12-04,1,0,0,2025-09-15 12:47,2023.0,0-30,2020–2024
Amazing Cultivation Simulator,7.0,1741.0,-34.0,12.86,19.49,2020-11-24,1,0,0,2025-09-15 12:47,2020.0,0-30,2020–2024
Project Highrise,7.0,2157.0,-80.0,3.35,16.75,2016-09-08,1,0,1,2025-09-15 12:47,2016.0,0-30,2015–2019
Power Rangers: Battle for the Grid,7.0,1354.0,-80.0,3.35,16.75,2019-09-24,1,0,0,2025-09-15 12:47,2019.0,0-30,2015–2019
Legacy of Defense,4.0,22.0,-10.0,4.49,4.99,2025-09-14,1,0,0,2025-09-15 12:47,2025.0,0-30,2025+
Kerbal Space Program: Breaking Ground Expansion,5.0,423.0,-60.0,5.19,12.99,2019-05-30,1,1,1,2025-09-15 12:47,2019.0,0-30,2015–2019
Rubber Bandits,7.0,920.0,-90.0,0.79,7.99,2021-12-02,1,0,0,2025-09-15 12:47,2021.0,0-30,2020–2024
A Game of Thrones: The Board Game - Digital Edition,5.0,1630.0,-65.0,5.86,16.75,2020-10-06,1,0,1,2025-09-15 12:47,2020.0,0-30,2020–2024
Windblown,7.0,4340.0,-20.0,17.59,21.99,2024-10-24,1,0,0,2025-09-15 12:47,2024.0,0-30,2020–2024
Laundry Store Simulator,7.0,1352.0,-46.0,5.39,9.99,2024-12-09,1,0,0,2025-09-15 12:47,2024.0,0-30,2020–2024
theHunter: Call of the Wild™ - Alberta Hunting Preserve,5.0,188.0,-10.0,8.99,9.99,2025-06-17,1,0,0,2025-09-15 12:47,2025.0,0-30,2025+
Destiny 2: The Witch Queen,5.0,1802.0,-90.0,2.49,24.99,2022-02-22,1,0,0,2025-09-15 12:47,2022.0,0-30,2020–2024
Animal Shelter,7.0,2141.0,-80.0,3.35,16.75,2022-03-23,1,0,0,2025-09-15 12:47,2022.0,0-30,2020–2024
Cabernet,7.0,1158.0,-20.0,13.4,16.75,2025-02-20,1,0,0,2025-09-15 12:47,2025.0,0-30,2025+
Fights in Tight Spaces,7.0,2210.0,-80.0,3.89,19.49,2021-12-02,1,0,0,2025-09-15 12:47,2021.0,0-30,2020–2024
Tank Mechanic Simulator,7.0,3159.0,-81.0,2.94,15.49,2020-02-20,1,0,1,2025-09-15 12:47,2020.0,0-30,2020–2024
Aliens: Fireteam Elite - Pathogen Expansion,4.0,389.0,-67.0,4.28,12.99,2022-08-30,1,0,0,2025-09-15 12:47,2022.0,0-30,2020–2024
Arma 3 Jets,4.0,769.0,-67.0,2.47,7.49,2017-05-16,1,0,1,2025-09-15 12:47,2017.0,0-30,2015–2019
Among Us 3D,4.0,1450.0,-30.0,5.59,7.99,2025-05-06,1,0,0,2025-09-15 12:47,2025.0,0-30,2025+
Need for Speed™,4.0,6667.0,-75.0,6.24,24.99,2020-06-04,1,0,0,2025-09-15 12:47,2020.0,0-30,2020–2024
Beyond Sunset,7.0,178.0,-25.0,6.37,8.5,2025-09-12,1,0,1,2025-09-15 12:47,2025.0,0-30,2025+
STAR WARS Jedi: Fallen Order Deluxe Edition,7.0,140786.0,-75.0,11.24,44.99,2019-11-14,1,0,0,2025-09-15 12:47,2019.0,40-50,2015–2019
The Casting of Frank Stone™,4.0,2478.0,-67.0,7.91,23.99,2024-09-03,1,0,0,2025-09-15 12:47,2024.0,0-30,2020–2024
Emberward,8.0,2011.0,-20.0,10.23,12.79,2024-06-25,1,0,0,2025-09-15 12:47,2024.0,0-30,2020–2024
Expeditions: A MudRunner Game,4.0,1406.0,-50.0,17.49,34.99,2024-03-05,1,0,0,2025-09-15 12:47,2024.0,30-40,2020–2024
Kerbal Space Program: Making History Expansion,4.0,632.0,-60.0,5.19,12.99,2018-03-13,1,1,1,2025-09-15 12:47,2018.0,0-30,2015–2019
Lost in the World of Succubi,5.0,13.0,-10.0,10.61,11.79,2025-09-12,1,0,0,2025-09-15 12:47,2025.0,0-30,2025+
Clone Drone in the Danger Zone,8.0,16120.0,-65.0,5.42,15.49,2021-07-27,1,0,1,2025-09-15 12:47,2021.0,0-30,2020–2024
Sunset Motel,5.0,496.0,-25.0,11.91,15.89,2025-04-18,1,0,0,2025-09-15 12:47,2025.0,0-30,2025+
Commandos: Origins,5.0,1235.0,-15.0,39.09,45.99,2025-04-09,1,0,0,2025-09-15 12:47,2025.0,40-50,2025+
The Sims™ 4 Dream Home Decorator Game Pack,4.0,145.0,-30.0,12.59,17.99,2021-06-01,1,0,0,2025-09-15 12:47,2021.0,0-30,2020–2024
The Sims™ 4 Werewolves Game Pack,5.0,219.0,-30.0,12.59,17.99,2022-06-16,1,0,0,2025-09-15 12:47,2022.0,0-30,2020–2024
Immortals Fenyx Rising,5.0,1812.0,-80.0,6.99,34.99,2022-12-15,1,0,0,2025-09-15 12:47,2022.0,30-40,2020–2024
Arma 3 Marksmen,5.0,845.0,-67.0,2.47,7.49,2015-04-08,1,0,1,2025-09-15 12:47,2015.0,0-30,2015–2019
Professional Fishing 2,5.0,54.0,-31.0,15.65,22.75,2025-09-11,1,0,0,2025-09-15 12:47,2025.0,0-30,2025+
Age of History II,7.0,8863.0,-33.0,3.0,4.49,2018-11-21,1,0,0,2025-09-15 12:47,2018.0,0-30,2015–2019
Used Cars Simulator,5.0,446.0,-25.0,8.99,11.99,2025-04-09,1,0,0,2025-09-15 12:47,2025.0,0-30,2025+
TerraTech,7.0,12713.0,-75.0,4.99,19.99,2018-08-10,1,1,1,2025-09-15 12:47,2018.0,0-30,2015–2019
Katanaut,7.0,77.0,-20.0,11.99,14.99,2025-09-10,1,0,0,2025-09-15 12:47,2025.0,0-30,2025+
Ravenous Devils,8.0,3492.0,-45.0,2.19,3.99,2022-04-29,1,0,0,2025-09-15 12:47,2022.0,0-30,2020–2024
Styx: Shards of Darkness,7.0,2010.0,-90.0,1.79,17.99,2017-03-14,1,0,0,2025-09-15 12:47,2017.0,0-30,2015–2019
Broken Sword - Shadow of the Templars: Reforged,8.0,644.0,-51.0,14.26,29.1,2024-09-19,1,1,1,2025-09-15 12:47,2024.0,0-30,2020–2024
Beastieball,8.0,1124.0,-15.0,16.99,19.99,2024-11-12,1,0,1,2025-09-15 12:47,2024.0,0-30,2020–2024
Stolen Realm,7.0,2270.0,-60.0,6.7,16.75,2024-03-08,1,0,1,2025-09-15 12:47,2024.0,0-30,2020–2024
Car Mechanic Simulator 2021 - Drag Racing DLC,5.0,80.0,-68.0,4.09,12.79,2022-11-09,1,0,0,2025-09-15 12:47,2022.0,0-30,2020–2024
Plague Inc: The Cure,5.0,159.0,-40.0,2.99,4.99,2021-01-28,1,1,1,2025-09-15 12:47,2021.0,0-30,2020–2024
A Plague Tale Bundle,7.0,72497.0,-65.0,20.99,59.99,2022-12-05,1,0,0,2025-09-15 12:47,2022.0,50-60,2020–2024
